-- Team11-Phase2-2.sql

INSERT INTO MEDICINE VALUES ('챔바스정1mg',0,' 금연치료의 보조요법',NULL,NULL,'알약');
INSERT INTO MEDICINE VALUES ('챔스탑정0.5mg',1,' 금연치료의 보조요법',NULL,NULL,'알약');
INSERT INTO MEDICINE VALUES ('나그란구강붕해정2.5mg',2,' 전조증이 수반되거나 수반되지 않는 편두통의 조속한 완화',NULL,'1정O','알약');
INSERT INTO MEDICINE VALUES ('나그린정90mg',3,' 이 약은 제 2형 당뇨병 환자의 혈당조절을 향상시키기 위해 식사요법 및 운동요법의 보조제로 투여한다.1. 이 약은 단독요법으로 투여한다.2. 이 약은 다음의 경우 병용요법으로 투여한다.  알파-글루코시다제 저해제 또는 메트포르민 또는 티아졸리딘디온계 약물 단독요법으로 충분히 혈당조절을 할 수 없는 경우 이 약을 병용투여','3686.0',NULL,'알약');
INSERT INTO MEDICINE VALUES ('타가메트정400mg',4,' (정제)1. 위·십이지장궤양, 역류성식도염, 재발성궤양, 문합부궤양, 졸링거-엘리슨증후군,2. 다음 질환의 위점막병변(미란, 출혈, 발적, 부종)의 개선 : 급성위염, 만성위염의 급성악화','122.0','1정O','알약');
INSERT INTO MEDICINE VALUES ('가나톤정50mg',6,' 기능성소화불량으로 인한 소화기증상(복부팽만, 상복부통, 식욕부진, 속쓰림, 구역, 구토)','106.0','1정O','알약');
INSERT INTO MEDICINE VALUES ('가나티란정',7,' 기능성소화불량으로 인한 소화기증상(속쓰림, 구역, 구토)','103.0','1정O','알약');
INSERT INTO MEDICINE VALUES ('카나가바로틴캡슐100mg',8,' 1. 간질1) 단독요법(새롭게 발작으로 진단된 환자의 치료 포함) : 만 13세 이상 청소년 혹은 성인에서의 2차적 전신증상을 동반하거나 동반하지 않은 단순복합 부분발작2) 부가요법 : 만 3세 이상 어린이 혹은 성인에서의 2차적 전신증상을 동반하거나 동반하지 않은 부분발작2. 신경병증성 통증',NULL,NULL,'캡슐');
INSERT INTO MEDICINE VALUES ('카나가바로틴캡슐300mg',9,' 1. 간질1) 단독요법(새롭게 발작으로 진단된 환자의 치료 포함) : 만 13세 이상 청소년 혹은 성인에서의 2차적 전신증상을 동반하거나 동반하지 않은 단순복합 부분발작2) 부가요법 : 만 3세 이상 어린이 혹은 성인에서의 2차적 전신증상을 동반하거나 동반하지 않은 부분발작2. 신경병증성 통증','390.0',NULL,'캡슐');
INSERT INTO MEDICINE VALUES ('라게브리오캡슐',10,' SARS-CoV-2 바이러스 검사를 통해 코로나바이러스감염증-19(이하 코로나19)가 확진된 환자로서, 중증으로 진행될 위험이 높은 경증 및 중등증 성인 환자의 치료. 단, 다른 코로나19 치료제를 사용할 수 없거나 다른 코로나 치료제가 임상적으로 적절하지 않은 환자에 한하여 사용한다.이 약은 임부와 만 18세 미만 소아·청소년 환자에게 사용이 승인되지 않았음(‘4. 일반적 주의’ 참조)이 약은 코로나19로 인해 입원이 필요한 환자에서의 초기 치료 목적으로 사용이 승인되지 않았음. 코로나19로 인해 입원한 후에 치료를 시작했을 때 이 약의 유익성이 관찰되지 않았음(용법·용량 참조)이 약은 코로나19의 예방을 위한 밀접접촉 전 또는 후 사용의 가 입증되지 않았음이 약은 연속 5일보다 긴 기간의 사용에 대해 입증되지 않았음이 약의 치료를 시작하기 전에, 알려져 있거나 잠재적으로 발생할 수 있는 유익성과 위해성에 대해 신중히 고려해야 한다(‘3. 일반적 주의’, ‘5. 임부 및 수유부에 대한 투여’ 및 ‘12.전문가용정보, 5) 독성시험 정보’ 참조)',NULL,NULL,'캡슐');
INSERT INTO MEDICINE VALUES ('나노파모정10mg',11,' 위산과다, 속쓰림',NULL,NULL,'알약');
INSERT INTO MEDICINE VALUES ('자나팜정0.4mg',12,' 1. 불안장애의 치료 및 불안증상의 단기완화2. 우울증에 수반하는 불안3. 정신신체장애(위·십이지장궤양, 과민성대장증후군, 자율신경실조증)에서의 불안·긴장·우울·수면장애4. 공황장애','80.0','1정O','알약');
INSERT INTO MEDICINE VALUES ('자나팜정0.5mg',13,' 1. 불안장애의 치료 및 불안증상의 단기완화2. 우울증에 수반하는 불안3. 정신신체장애(위·십이지장궤양, 과민성대장증후군, 자율신경실조증)에서의 불안·긴장·우울·수면장애4. 공황장애','113.0','1정O','알약');
INSERT INTO MEDICINE VALUES ('하나니트로글리세린설하정0.6mg',14,' 협심증','52.0','1정O','알약');
INSERT INTO MEDICINE VALUES ('타그랍캡슐',16,' - 신이식에서의 거부반응의 억제- 간이식에서의 거부반응의 억제- 골수이식: 골수이식 후에 따르는 조직이식 거부반응과 이식편-숙주반응 (graft versus-host disease) 질환- 만성류마티스관절염 (항류마티스제(DMARD)로 충분한 를 얻을 수 없는 경우에한함)- 루푸스신염: 관해 유지를 위해 장기간 사용한 스테로이드제제의 단독투여만으로 신 기능은 정상적이나 지속적 신염 임상 소견을 보이는 스테로이드 단독유지요법 저항성 루푸스신염 (스테로이드제제 투여로 가 불충분하거나 부작용으로 인해 스테로이드제제를 증량할 수 없는 경우)(루푸스신염은 희귀 질환으로 대규모 임상시험을 실시하지 않았으며 1 일 뇨단백량의 감소 및 보체치의 상승 를 평가하였고 28주 이상의 임상시험 환자수도 적고 이 약의 장기투여시 안전성 및 유효성은 확립되어 있지 않다.)- 중증근무력증(다른 면역억제제에 치료가 없거나, 이상반응의 발생으로 투여가 불가능한 경우에 한함)','3984.0','1캡슐O','캡슐');
INSERT INTO MEDICINE VALUES ('가네맥스에프연질캡슐',17,' 다음 질환의 보조치료: 독성간질환, 만성간염, 간경변',NULL,NULL,'캡슐');
INSERT INTO MEDICINE VALUES ('가네맥스연질캡슐',18,' 다음 질환의 보조치료: 독성간질환, 만성간염, 간경변',NULL,NULL,'캡슐');
INSERT INTO MEDICINE VALUES ('바독펜정',19,' 폐경 후 여성의 골다공증 치료 및 예방단, 이 약은 척추골절의 발생은 감소시켰으나, 비척추성골절에 대한 유효성은 확립되지 않았다.','562.0','1정','알약');
INSERT INTO MEDICINE VALUES ('다나립틴정100mg',20,' 이 약은 제2형 당뇨병 환자의 혈당조절을 향상시키기 위해 식사요법 및 운동요법의 보조제로 투여한다.1. 이 약은 단독요법으로 투여한다.2. 이전 당뇨병 약물치료를 받은 경험이 없으며 단독요법으로 충분한 혈당조절이 어려운 경우 메트포르민과 병용투여한다.3. 설포닐우레아 또는 메트포르민 또는 치아졸리딘디온 또는 인슐린 단독요법으로 충분한 혈당조절을 할 수 없는 경우 이 약을 병용투여한다4. 설포닐우레아 및 메트포르민 병용요법, 또는 치아졸리딘디온 및 메트포르민 병용요법, 또는 인슐린 및 메트포르민 병용요법으로 충분한 혈당조절을 할 수 없는 경우, 시타글립틴을 병용투여한다.',NULL,NULL,'알약');
INSERT INTO MEDICINE VALUES ('다나립틴정25mg',21,' 이 약은 제2형 당뇨병 환자의 혈당조절을 향상시키기 위해 식사요법 및 운동요법의 보조제로 투여한다.1. 이 약은 단독요법으로 투여한다.2. 이전 당뇨병 약물치료를 받은 경험이 없으며 단독요법으로 충분한 혈당조절이 어려운 경우 메트포르민과 병용투여한다.3. 설포닐우레아 또는 메트포르민 또는 치아졸리딘디온 또는 인슐린 단독요법으로 충분한 혈당조절을 할 수 없는 경우 이 약을 병용투여한다.4. 설포닐우레아 및 메트포르민 병용요법, 또는 치아졸리딘디온 및 메트포르민 병용요법, 또는 인슐린 및 메트포르민 병용요법으로 충분한 혈당조절을 할 수 없는 경우, 이 약을 병용투여한다.',NULL,NULL,'알약');
INSERT INTO MEDICINE VALUES ('파나실린정',22,' 발적(충혈되어 붉어짐), 부기, 단단해지고 통증을 수반하는 화농(곪음)성질환에이프로젠제약',NULL,NULL,'알약');

INSERT INTO MEDICINE VALUES ('아가론주',24,' 1. 만성 동맥폐색증(폐쇄혈전혈관염(버거병), 폐쇄동맥경화증)에서의 사지궤양, 안정시 통증 및 냉감의 개선2. 다음 질환에 의한 신경증상(운동마비), 일상생활 동작(걸음, 기립, 앉은 자세 유지, 식사)의 개선 : 발병 후 48시간 이내의 뇌혈전증 급성기(열공(구멍) 제외)','16939.0','20mL','병');
INSERT INTO MEDICINE VALUES ('아가메이트젤리',25,' 급성 및 만성 신부전에 의한 고칼륨혈증제이더블유중외제약','767.0','25g','젤리');
INSERT INTO MEDICINE VALUES ('타나민정',26,' 1. 주효능 1) 말초동맥 순환장애(간헐성 파행증)의 치료2) 어지러움, 혈관성 및 퇴행성 이명3) 이명, 두통, 기억력감퇴, 집중력장애, 우울감, 어지러움 등의 치매성 증상을 수반하는 기질성 뇌기능장애의 치료유유제약','122.0','1정O','알약');
INSERT INTO MEDICINE VALUES ('타나민정120mg',27,' 1. 주 효능1) 말초동맥 순환장애(간헐성 파행증)의 치료2) 어지러움, 혈관성 및 퇴행성 이명3) 이명, 두통, 기억력 감퇴, 집중력 장애, 우울감, 어지러움 등의 치매성 증상을 수반하는 기질성 뇌기능 장애의 치료',NULL,NULL,'알약');
INSERT INTO MEDICINE VALUES ('가네치온정100mg',28,' 약물중독',NULL,NULL,'알약');
INSERT INTO MEDICINE VALUES ('자누글루정100mg',29,' 이 약은 제2형 당뇨병 환자의 혈당조절을 향상시키기 위해 식사요법 및 운동요법의 보조제로 투여한다. 1. 이 약은 단독요법으로 투여한다. 2. 이전 당뇨병 약물치료를 받은 경험이 없으며 단독요법으로 충분한 혈당조절이 어려운 경우 메트포르민과 병용투여한다.3. 설포닐우레아 또는 메트포르민 또는 치아졸리딘디온 또는 인슐린 단독요법으로 충분한 혈당조절을 할 수 없는 경우 이 약을 병용투여한다.4. 설포닐우레아 및 메트포르민 병용요법, 또는 치아졸리딘디온 및 메트포르민 병용요법, 또는 인슐린 및 메트포르민 병용요법으로 충분한 혈당조절을 할 수 없는 경우, 이 약을 병용투여한다.',NULL,NULL,'알약');
INSERT INTO MEDICINE VALUES ('바라엔터정0.5mg',30,' 활동성 바이러스의 복제가 확인되고, 혈청 아미노전이효소(ALT 또는 AST)의 지속적 상승 또는 조직학적으로 활동성 질환이 확인된 성인(16세 이상)의 만성 B형 간염바이러스 감염의 치료',NULL,NULL,'알약');
INSERT INTO MEDICINE VALUES ('바라엔터정1mg',31,' 활동성 바이러스의 복제가 확인되고, 혈청 아미노전이효소(ALT 또는 AST)의 지속적 상승 또는 조직학적으로 활동성 질환이 확인된 성인(16세 이상)의 만성 B형 간염바이러스 감염의 치료',NULL,NULL,'알약');
INSERT INTO MEDICINE VALUES ('카네마졸질정100mg',32,' 칸디다성 질염동광제약','245.0','1정O','알약');
INSERT INTO MEDICINE VALUES ('다나젠실로스타졸서방캡슐100mg',34,' 1. 만성동맥폐색증(버거씨병, 폐색성 동맥경화증. 당뇨병성 말초혈관병증 등)에 따른 궤양, 동통 및 냉감 등 허혈성 제증상의 개선2. 뇌경색(심인성뇌색전증 제외) 발증 후 재발억제','523.0','1캡슐O','캡슐');
INSERT INTO MEDICINE VALUES ('다나젠실로스타졸서방캡슐200mg',35,' 1. 만성동맥폐색증(버거씨병, 폐색성 동맥경화증. 당뇨병성 말초혈관병증 등)에 따른 궤양, 동통 및 냉감 등 허혈성 제증상의 개선2. 뇌경색(심인성뇌색전증 제외) 발증 후 재발억제','1046.0','1캡슐O','캡슐');
INSERT INTO MEDICINE VALUES ('타낙셀주',36,' 이 약은 난소암 또는 유방암 또는 폐암의 치료에 단독으로 혹은 병용하여 사용된다. 1) 난소암(1) 다른 화학요법제와 병용하여 1차 요법제로 사용(2) 표준 요법에 실패한 전이성 난소암의 치료에 2차 요법제로 사용 2) 유방암(1) 표준요법에 실패한 전이성 유방암의 치료에 2차 요법제로 사용(2) 결절 양성 유방암의 보조치료:표준 독소루비신 함유 병용 화학요법후 사용(3) HER2(Human Epidermal growth factor Receptor 2 protein)가 과발현(IHC 3+ 또는 FISH 양성)되고 화학요법 치료를 받은 경험이 없는 전이성 유방암에 트라스투주맙과 병용요법제로 사용3) 폐암 : 진행성 비소세포 폐암의 치료에 1차 요법제로 사용4) 위암 : 진행성 및 전이성 또는 국소 재발',NULL,NULL,'병');
INSERT INTO MEDICINE VALUES ('파노신정(배농산급탕)',37,' 발적(충혈되어 붉어짐), 부기, 단단해지고 통증을 수반하는 화농(곪음)',NULL,NULL,'알약');
INSERT INTO MEDICINE VALUES ('사로프람정10mg',39,' 주요우울장애, 광장공포증을 수반하거나 수반하지 않는 공황장애, 사회불안장애(사회공포증), 범불안장애, 강박장애의 치료',NULL,'1정O','알약');
INSERT INTO MEDICINE VALUES ('사로프람정20mg',40,' 주요우울장애, 광장공포증을 수반하거나 수반하지 않는 공황장애, 사회불안장애(사회공포증), 범불안장애, 강박장애의 치료','739.0','1정O','알약');
INSERT INTO MEDICINE VALUES ('카노아연질캡슐',41,' - 뇌혈관 결손에 의한 2차 증상 및 변성 또는 퇴행성 뇌기질성 정신증후군 : 기억력저하와 착란, 의욕 및 자발성저하로 인한 방향감각장애, 의욕 및 자발성 저하, 집중력감소☆국내임상시험결과 추가','471.0','1캡슐O','캡슐');
INSERT INTO MEDICINE VALUES ('카노아정',42,' - 뇌혈관 결손에 의한 2차 증상 및 변성 또는 퇴행성 뇌기질성 정신증후군 : 기억력저하와 착란, 의욕 및 자발성저하로 인한 방향감각장애, 의욕 및 자발성 저하, 집중력감소☆국내임상시험결과 추가','471.0','1정O','알약');
INSERT INTO MEDICINE VALUES ('라니단정150mg',43,' 1. 위·십이지장궤양, 졸링거-엘리슨증후군, 역류성식도염, 마취전 투약(멘델슨증후군 예방), 수술후 궤양, 비스테로이드소염진통제(NSAID) 투여로 인한 위·십이지장궤양2. 다음 질환의 위점막 병변(미란, 출혈, 발적, 부종)의 개선 : 급성위염, 만성위염의 급성악화기, 상부소화관출혈(소화성 궤양, 급성스트레스궤양, 급성위점막병변에 의한)',NULL,NULL,'알약');
INSERT INTO MEDICINE VALUES ('라니단정75mg',44,' 위산과다, 속쓰림, 신트림',NULL,NULL,'알약');
INSERT INTO MEDICINE VALUES ('타이레놀정160mg',45,'감기로 인한 발열 및 동통(통증), 두통, 신경통, 근육통, 월경통, 염좌통(삔 통증), 치통, 관절통, 류마티양 동통(통증)','26.0','1정O','알약');
INSERT INTO MEDICINE VALUES ('다나쿨카타플라스마',46,' 다음 질환 및 증상의 진통ㆍ소염(항염) :퇴행성관절염(골(뼈)관절염), 어깨관절주위염, 건초염(힘줄윤활막염), 건(힘줄)주위염, 상완(위팔뼈)상과염(테니스엘보우등), 근육통, 외상(상처)후의 종창(부기), 동통(통증)',NULL,NULL,'바르는 약');
INSERT INTO MEDICINE VALUES ('바라크로스구강용해필름1mg',47,' 활동성 바이러스의 복제가 확인되고, 혈청 아미노전이효소(ALT 또는 AST)의 지속적 상승 또는 조직학적으로 활동성 질환이 확인된 성인(16세 이상)의 만성 B형 간염바이러스 감염의 치료',NULL,NULL,'필름');
INSERT INTO MEDICINE VALUES ('까스활명수큐액',48,'식욕감퇴(식욕부진), 위부팽만감, 소화불량, 과식, 체함, 구역, 구토','978.0','75mL','병');
INSERT INTO MEDICINE VALUES ('파데나필정20mg',49,' WHO 기능분류 단계 Ⅱ, Ⅲ에 해당하는 폐동맥고혈압(WHO Group Ⅰ) 환자의 운동능력 개선. (보센탄을 투여중인 환자에 대한 이 약의 유효성은 평가되지 않았다.)','1000.0','1정O','알약');
INSERT INTO MEDICINE VALUES ('사르트정',50,' 만성 동맥폐색증(버거씨병, 폐색성동맥경화증, 당뇨병성말초혈관병증 등)에 의한 궤양, 통증 및 냉감 등의 허혈성 증상 개선','535.0','1정O','알약');
INSERT INTO MEDICINE VALUES ('아겐에프연질캡슐',51,' 1. 당뇨병에 의한 망막변성 및 눈의 혈관장애 개선2. 야맹증','240.0','1캡슐O','캡슐');
INSERT INTO MEDICINE VALUES ('아겐에프정',52,' 1. 당뇨병에 의한 망막변성 및 눈의 혈관장애 개선2. 야맹증','240.0','1정O','알약');
INSERT INTO MEDICINE VALUES ('아그릴정2mg',53,' 이 약은 제 2형 당뇨병 환자의 혈당조절을 향상시키기 위해 식사요법 및 운동요법의 보조제로 투여한다.1. 이 약은 단독요법으로 투여한다.2. 이 약은 다음의 경우 병용요법으로 투여한다.1) 경구용 혈당강하제로 혈당조절이 적절하게 이루어지지 않는 경우, 인슐린과 병용 투여2) 설포닐우레아계 또는 메트포르민 단독요법으로 혈당조절이 적절하게 이루어지지 않는 경우, 메트포르민과 이 약을 병용투약','185.0','1정O','알약');
INSERT INTO MEDICINE VALUES ('아기오과립',54,' (과립제)1. 변비2. 변비로 인한 다음 증상의 완화 : 식욕부진(식욕감퇴), 복부팽만, 장내이상발효, 치질','149.0','6g','포');
INSERT INTO MEDICINE VALUES ('아나레보정',55,' 다음 질환에서의 기침 : 급·만성기관지염','146.0','1정O','알약');

INSERT INTO PHARMACY VALUES (0,'경상북도 구미시 신시로 78, 1층 (송정동)','21세기약국');
INSERT INTO PHARMACY VALUES (1,'경상남도 통영시 안개로 9, 102호 (무전동)','24시약국');
INSERT INTO PHARMACY VALUES (2,'경기도 평택시 중앙로 2 (통복동)','365녹십자약국');
INSERT INTO PHARMACY VALUES (3,'인천광역시 계양구 오조산로 1, 거승프라자 107호 (작전동)','365약국');
INSERT INTO PHARMACY VALUES (4,'경기도 하남시 미사강변중앙로 226, 우성르보아파크 1층 112호 (망월동)','365약국');
INSERT INTO PHARMACY VALUES (5,'서울특별시 관악구 남부순환로 1615  (신림동)','365열린약국');
INSERT INTO PHARMACY VALUES (6,'서울특별시 구로구 남부순환로97길 3, KS프리미어빌딩 105호 (개봉동)','365열린약국');
INSERT INTO PHARMACY VALUES (7,'서울특별시 영등포구 영중로 119, 리마크빌 영등포 2층 204-2호 (영등포동8가)','365열린약국');
INSERT INTO PHARMACY VALUES (8,'서울특별시 강서구 공항대로41길 52, 버들빌딩 1층 (등촌동)','365열린약국');
INSERT INTO PHARMACY VALUES (9,'전라남도 순천시 연향3로 11, 1층 1A 4호~6호 (연향동)','365일연향대형약국');
INSERT INTO PHARMACY VALUES (10,'서울특별시 노원구 상계로 59, 동익빌딩 1층 7,8호 (상계동)','365정화약국');
INSERT INTO PHARMACY VALUES (11,'서울특별시 동대문구 전농로 60-1, 1층 (답십리동)','365종로약국');
INSERT INTO PHARMACY VALUES (12,'인천광역시 남동구 논고개로123번길 35, 칼리오페 1층 A동 126호 (논현동)','365행복약국');
INSERT INTO PHARMACY VALUES (13,'서울특별시 강북구 도봉로 339, 1층 (수유동)','7번약국');
INSERT INTO PHARMACY VALUES (14,'서울특별시 구로구 디지털로 227 (가리봉동)','W스토아청와약국');
INSERT INTO PHARMACY VALUES (15,'서울특별시 은평구 통일로 738, 1층 3호 (불광동)','가까운약국');
INSERT INTO PHARMACY VALUES (16,'서울특별시 중랑구 봉우재로 39, (면목동)','가나안약국');
INSERT INTO PHARMACY VALUES (17,'울산광역시 남구 삼산로 159-1 (달동)','가람약국');
INSERT INTO PHARMACY VALUES (18,'인천광역시 남동구 경원대로 971 (간석동, 홈플러스 2층일부)','간석온누리약국');
INSERT INTO PHARMACY VALUES (19,'서울특별시 강남구 도곡로 523, 1층 (대치동)','강남새천년온누리약국');
INSERT INTO PHARMACY VALUES (20,'경기도 용인시 기흥구 신구로12번길 19 (구갈동)','강남약국');
INSERT INTO PHARMACY VALUES (21,'서울특별시 강남구 강남대로 432, 점프밀라노 지하1층 101호 (역삼동)','강남웰약국');
INSERT INTO PHARMACY VALUES (22,'경기도 용인시 기흥구 신구로12번길 11-1 (구갈동)','강남효약국');
INSERT INTO PHARMACY VALUES (23,'서울특별시 강동구 진황도로 81, 강동투웨니퍼스트 1층 101호 (길동)','강동성실약국');
INSERT INTO PHARMACY VALUES (24,'서울특별시 강동구 양재대로 1343 (성내동)','강동태평양약국');
INSERT INTO PHARMACY VALUES (25,'서울특별시 강서구 화곡로 398, 홈플러스강서점앤본사사옥 1층 (등촌동)','강서홈약국');
INSERT INTO PHARMACY VALUES (26,'대구광역시 중구 중앙대로 309, 1층 (남산동)','갤러리약국');
INSERT INTO PHARMACY VALUES (27,'서울특별시 강남구 학동로20길 55 106호','갤러리약국');
INSERT INTO PHARMACY VALUES (28,'경상남도 거제시 거제중앙로 1916-1','거제프라자약국');
INSERT INTO PHARMACY VALUES (29,'경상남도 진주시 하대로 138','건강약국');
INSERT INTO PHARMACY VALUES (30,'인천광역시 계양구 봉오대로 785','건강약국');
INSERT INTO PHARMACY VALUES (31,'서울특별시 광진구 광나루로 410, 105호 (화양동, KCC파크타운)','건대가온약국');
INSERT INTO PHARMACY VALUES (32,'서울특별시 중랑구 면목로 421','건명약국');
INSERT INTO PHARMACY VALUES (33,'경기도 안양시 동안구 인덕원로24번길 56 (관양동)','건인약국');
INSERT INTO PHARMACY VALUES (34,'경기도 광주시 고불로 58 (중대동)','경기약국');
INSERT INTO PHARMACY VALUES (35,'부산광역시 사상구 사상로 194, 괘법동 메디컬센터 1층 (괘법동)','경남약국');
INSERT INTO PHARMACY VALUES (36,'대구광역시 중구 국채보상로 599-1 (문화동)','경희약국');
INSERT INTO PHARMACY VALUES (37,'서울특별시 마포구 신촌로 지하 90, 신촌역 B1 240-107호 (노고산동)','고래약국');
INSERT INTO PHARMACY VALUES (38,'인천광역시 계양구 경명대로 1074, 삼환1빌딩 102호 (계산동)','고려원약국');
INSERT INTO PHARMACY VALUES (39,'경상남도 거제시 서문로5길 6, 104호 (고현동)','고현서울약국');
INSERT INTO PHARMACY VALUES (40,'서울특별시 서초구 방배로 226, 3층 303호 (방배동)','곰돌이스타약국');
INSERT INTO PHARMACY VALUES (41,'경기도 평택시 포승읍 평택항로 174, 만호빌딩','공단약국');
INSERT INTO PHARMACY VALUES (42,'전라남도 광양시 중마중앙로 81, 1층 (중동)','공약국');
INSERT INTO PHARMACY VALUES (43,'서울특별시 관악구 호암로 600','관악수약국');
INSERT INTO PHARMACY VALUES (44,'서울특별시 관악구 신림로 107, 1층 (신림동)','광장온누리약국');
INSERT INTO PHARMACY VALUES (45,'광주광역시 서구 상무대로1080번길 1, 1층 (화정동)','광주보령약국');
INSERT INTO PHARMACY VALUES (46,'전라남도 영광군 영광읍 현암길 58','광주약국');
INSERT INTO PHARMACY VALUES (47,'서울특별시 중구 퇴계로 45 (남창동)','광주참약국');
INSERT INTO PHARMACY VALUES (48,'경기도 광주시 중앙로 101, 클리닉빌딩 제1층 103,104호 (경안동)','광주태평양약국');
INSERT INTO PHARMACY VALUES (49,'서울특별시 구로구 도림천로 477, 구로디지털단지역 지상1층 001호 (구로동)','구로2호선약국');
INSERT INTO PHARMACY VALUES (50,'경기도 안산시 단원구 화정천서로3길 7, (선부동)','구민사약국');
INSERT INTO PHARMACY VALUES (51,'강원도 강릉시 구정면 범일로 444 (구정면)','구정열린약국');
INSERT INTO PHARMACY VALUES (52,'경기도 부천시 석천로 188, 1층 (중동, 이마트)','굿모닝약국');
INSERT INTO PHARMACY VALUES (53,'서울특별시 서초구 서초대로77길 24, 강남 지웰타워2 (서초동)','굿약국');
INSERT INTO PHARMACY VALUES (54,'경기도 수원시 권선구 동수원로242번길 27 (권선동)','권선중앙약국');
INSERT INTO PHARMACY VALUES (55,'서울특별시 광진구 아차산로29길 55, (화양동)','그랜드약국');
INSERT INTO PHARMACY VALUES (56,'대전광역시 중구 계백로1716번길 26, 미성프라자 204호 (문화동)','글꽃약국');
INSERT INTO PHARMACY VALUES (57,'서울특별시 영등포구 영중로 10-1 (영등포동3가)','금강온누리약국');
INSERT INTO PHARMACY VALUES (58,'경기도 성남시 수정구 시민로 227','금광약국');
INSERT INTO PHARMACY VALUES (59,'서울특별시 종로구 창신5길 19, (창신동)','금왕약국');
INSERT INTO PHARMACY VALUES (60,'부산광역시 북구 상학로 3(만덕동)','금정산약국');
INSERT INTO PHARMACY VALUES (61,'광주광역시 서구 금화로 71, 미미빌딩 1층 (금호동)','금호스타약국');
INSERT INTO PHARMACY VALUES (62,'서울특별시 서초구 잠원로 24 반포자이프라자상가 1층','기린약국');
INSERT INTO PHARMACY VALUES (63,'서울특별시 광진구 군자로 25, (화양동)','기호약국');
INSERT INTO PHARMACY VALUES (64,'서울특별시 강동구 양재대로 1478 (길동)','길동보룡약국');
INSERT INTO PHARMACY VALUES (65,'서울특별시 강북구 삼양로 462  (수유동)','꿈이있는온누리약국');
INSERT INTO PHARMACY VALUES (66,'충청남도 논산시 시민로132번길 48, 115호 (내동)','나나약국');
INSERT INTO PHARMACY VALUES (67,'광주광역시 남구 대남대로 131, 미래아동병원 1층 (주월동)','나래약국');
INSERT INTO PHARMACY VALUES (68,'광주광역시 북구 첨단연신로 97  (신용동)','나래종로약국');
INSERT INTO PHARMACY VALUES (69,'서울특별시 노원구 상계로12길 41, (상계동)','나현약국');
INSERT INTO PHARMACY VALUES (70,'제주특별자치도 제주시 도령로 87, 현대오피스텔 1층 106,107호 (연동)','낙산약국');
INSERT INTO PHARMACY VALUES (71,'서울특별시 구로구 구로동로 33 (가리봉동)','남구로약국');
INSERT INTO PHARMACY VALUES (72,'충청북도 충주시 남산4길 52, (교현동)','남산태평양약국');
INSERT INTO PHARMACY VALUES (73,'경기도 화성시 봉담읍 와우안길 65 (봉담읍)','남수원약국');
INSERT INTO PHARMACY VALUES (74,'강원도 춘천시 신동면 김유정로 1634','남춘천대형약국');
INSERT INTO PHARMACY VALUES (75,'대전광역시 동구 동서대로 1689 서관 1층 (용전동)','노닐약국');
INSERT INTO PHARMACY VALUES (76,'서울특별시 강남구 강남대로118길 51 ','노바약국');
INSERT INTO PHARMACY VALUES (77,'경기도 광명시 하안로 295, 1층 (하안동)','노벨약국');
INSERT INTO PHARMACY VALUES (78,'서울특별시 은평구 연서로 1, 105호(역촌동, 리더스파크)','노벨온누리약국');
INSERT INTO PHARMACY VALUES (79,'서울특별시 강서구 화곡로64길 78','녹십자약국');
INSERT INTO PHARMACY VALUES (80,'경기도 안산시 상록구 해양5로 11, 상가 213호 (사동)','녹십자해솔약국');
INSERT INTO PHARMACY VALUES (81,'서울특별시 강남구 강남대로122길 10, 영흥빌딩 1층 일부호 (논현동)','논현밝은약국');
INSERT INTO PHARMACY VALUES (82,'인천광역시 남동구 논고개로 117, 메트로타워 (논현동)','논현프라자약국');
INSERT INTO PHARMACY VALUES (83,'서울특별시 송파구 양재대로 932  (가락동)','농수산약국');
INSERT INTO PHARMACY VALUES (84,'경기도 부천시 부일로 727, 1층 (역곡동, 2000BNG빌딩)','뉴녹십자약국');
INSERT INTO PHARMACY VALUES (85,'경기도 안산시 단원구 선부로 199, 동진프라자 105-106호 (선부동)','뉴본약국');
INSERT INTO PHARMACY VALUES (86,'서울특별시 송파구 송파대로 278, 1층 (가락동)','뉴프라임약국');
INSERT INTO PHARMACY VALUES (87,'경기도 안양시 만안구 박달로 531 (박달동)','늘봄약국');
INSERT INTO PHARMACY VALUES (88,'경상남도 김해시 분성로 536, 김해어방우편취급소 (어방동)','늘열린약국');
INSERT INTO PHARMACY VALUES (89,'경기도 오산시 오산로 70, (갈곶동)','다나약국');
INSERT INTO PHARMACY VALUES (90,'경기도 성남시 분당구 대왕판교로606번길 39, 럭스타워 109,110호 (삼평동)','다낫는럭스타워약국');
INSERT INTO PHARMACY VALUES (91,'경기도 남양주시 다산순환로 350, 다산진건지구 상업2-7-1,2 106,107호 (다산동)','다산현대약국');
INSERT INTO PHARMACY VALUES (92,'경기도 고양시 일산동구 정발산로 39 대양빌딩 (장항동)','다원약국');
INSERT INTO PHARMACY VALUES (93,'인천광역시 계양구 장제로 822 , 지상2층 (계산동, 롯데마트 계양점)','다정한약국');
INSERT INTO PHARMACY VALUES (94,'전라북도 군산시 하나운로 38 105 나운동 나운프라자1층)','단골온누리약국');
INSERT INTO PHARMACY VALUES (95,'충청남도 아산시 모종남로12번길 7, 1층 (모종동)','대광약국');
INSERT INTO PHARMACY VALUES (96,'경상북도 칠곡군 약목면 약목로 72','대구약국');
INSERT INTO PHARMACY VALUES (97,'광주광역시 동구 백서로125번길 25','대동약국');
INSERT INTO PHARMACY VALUES (98,'인천광역시 계양구 효서로 233, 109호 (작전동)','대명약국');
INSERT INTO PHARMACY VALUES (99,'서울특별시 영등포구 영신로19길 7, (영등포동)','대명약국');
INSERT INTO PHARMACY VALUES (100,'인천광역시 부평구 길주로364번길 9, 123호 (산곡동, 부평 IPARK)','대명약국');
INSERT INTO PHARMACY VALUES (101,'전라북도 전주시 완산구 문화광장로 28-1','대성약국');
INSERT INTO PHARMACY VALUES (102,'충청남도 보령시 주공로 12 (동대동)','대영온누리약국');
INSERT INTO PHARMACY VALUES (103,'서울특별시 중구 세종대로 22 (남대문로5가)','대우사약국');
INSERT INTO PHARMACY VALUES (104,'대전광역시 중구 중앙로 125-1, (선화동)','대우약국');
INSERT INTO PHARMACY VALUES (105,'경기도 수원시 장안구 경수대로 998 (송죽동)','대웅약국');
INSERT INTO PHARMACY VALUES (106,'서울특별시 서대문구 모래내로 359, (홍은동)','대유약국');
INSERT INTO PHARMACY VALUES (107,'서울특별시 동작구 동작대로27길 22 (사당동)','대일약국');
INSERT INTO PHARMACY VALUES (108,'서울특별시 중구 동호로11길 43 (신당동)','대풍약국');
INSERT INTO PHARMACY VALUES (109,'대구광역시 중구 중앙대로 447-1 (향촌동)','대하약국');
INSERT INTO PHARMACY VALUES (110,'경기도 용인시 수지구 풍덕천로 155, 수지마을동보아파트 상가동 106호 (풍덕천동)','대학당약국');
INSERT INTO PHARMACY VALUES (111,'경기도 하남시 하남대로739번길 80','대학약국');
INSERT INTO PHARMACY VALUES (112,'대전광역시 중구 중앙로 129, (선화동)','대한약국');
INSERT INTO PHARMACY VALUES (113,'경기도 수원시 장안구 장안로 270-3','대형약국');
INSERT INTO PHARMACY VALUES (114,'인천광역시 중구 제물량로24번길 6-34 (신흥동3가)','대황약국');
INSERT INTO PHARMACY VALUES (115,'서울특별시 광진구 아차산로 272  (자양동)','더샾스타시티약국');
INSERT INTO PHARMACY VALUES (116,'서울특별시 성동구 마조로9길 15, 1층 (행당동)','더밝은약국');
INSERT INTO PHARMACY VALUES (117,'광주광역시 서구 치평로 32 1층','더슬림한약국');
INSERT INTO PHARMACY VALUES (118,'서울특별시 광진구 능동로 90, 1층 104-2호 (자양동, 더클래식500)','더클래식약국');
INSERT INTO PHARMACY VALUES (119,'경기도 고양시 덕양구 백양로 51, 104호 (화정동)','덕양메디칼약국');
INSERT INTO PHARMACY VALUES (120,'대전광역시 서구 배재로 182-1, 1층 (도마동)','도마태평양약국');
INSERT INTO PHARMACY VALUES (121,'서울특별시 도봉구 해등로 158, 1층 (쌍문동)','도봉온누리약국');
INSERT INTO PHARMACY VALUES (122,'서울특별시 성동구 장터길 45-1, (금호동3가)','도원약국');
INSERT INTO PHARMACY VALUES (123,'서울특별시 동작구 동작대로 129 (사당동)','동광약국');
INSERT INTO PHARMACY VALUES (124,'서울특별시 영등포구 영중로 22  (영등포동3가)','동보약국');
INSERT INTO PHARMACY VALUES (125,'경상북도 울진군 울진읍 읍내8길 14 ','동산약국');
INSERT INTO PHARMACY VALUES (126,'경기도 파주시 문산읍 문산로40번길 10-10, 1층','동성약국');
INSERT INTO PHARMACY VALUES (127,'부산광역시 금정구 금강로 180, (장전동)','동신약국');
INSERT INTO PHARMACY VALUES (128,'서울특별시 동대문구 서울시립대로 31, 102-119호 (전농동, 동아아파트)','동아약국');
INSERT INTO PHARMACY VALUES (129,'인천광역시 부평구 열우물로 50, (십정동)','동암프라자약국');
INSERT INTO PHARMACY VALUES (130,'경상남도 창원시 의창구 동읍 용잠로 28 (동읍)','동읍용잠약국');
INSERT INTO PHARMACY VALUES (131,'경기도 시흥시 봉우재로 10 (정왕동, 세란약국)','동의세란약국');
INSERT INTO PHARMACY VALUES (132,'대전광역시 대덕구 대전로 1123, (오정동)','동이약국');
INSERT INTO PHARMACY VALUES (133,'울산광역시 북구 신답로 26  (상안동)','동인당약국');
INSERT INTO PHARMACY VALUES (134,'서울특별시 강동구 양재대로127길 19, (천호동)','동현약국');
INSERT INTO PHARMACY VALUES (135,'경상북도 포항시 북구 불종로 57 (상원동)','두꺼비약국');
INSERT INTO PHARMACY VALUES (136,'경상북도 김천시 혁신4로 3 (율곡동)','드림약국');
INSERT INTO PHARMACY VALUES (137,'경기도 고양시 덕양구 백양로 79 이마트 내 1층','드림팜약국');
INSERT INTO PHARMACY VALUES (138,'부산광역시 동래구 아시아드대로 226','따뜻한약국');
INSERT INTO PHARMACY VALUES (139,'경기도 고양시 일산동구 중앙로1275번길 64, 2(일부)층 (장항동, 홈플러스 일산점)','따뜻한약국');
INSERT INTO PHARMACY VALUES (140,'광주광역시 광산구 송도로 160 (도산동)','라온약국');
INSERT INTO PHARMACY VALUES (141,'경기도 수원시 팔달구 덕영대로 924, 수원역 분당선지하상가 2호 (매산로1가)','랄랄라약국');
INSERT INTO PHARMACY VALUES (142,'서울특별시 마포구 양화로 지하 55, 합정역 B1  238-105호 (서교동)','롱약국');
INSERT INTO PHARMACY VALUES (143,'경기도 수원시 권선구 금호로 213 (구운동)','링컨약국');
INSERT INTO PHARMACY VALUES (144,'대구광역시 달서구 이곡동로 24','마더스약국');
INSERT INTO PHARMACY VALUES (145,'충청남도 천안시 서북구 충무로 187 (쌍용동, E 마트)','마더스약국');
INSERT INTO PHARMACY VALUES (146,'경상남도 창원시 마산회원구 삼호로 56 (양덕동)','마산온누리약국');
INSERT INTO PHARMACY VALUES (147,'서울특별시 동대문구 고산자로 410, 1층 (용두동)','마장백화점약국');
INSERT INTO PHARMACY VALUES (148,'경기도 수원시 권선구 경수대로 270 (권선동, 이마트)','마트약국');
INSERT INTO PHARMACY VALUES (149,'서울특별시 양천구 오목로 299','마트온누리약국');
INSERT INTO PHARMACY VALUES (150,'경기도 평택시 영신로 29','마트종로약국');
INSERT INTO PHARMACY VALUES (151,'강원도 원주시 호저면 원문로 631','만종대형약국');
INSERT INTO PHARMACY VALUES (152,'서울특별시 영등포구 당산로 42','맑은약국');
INSERT INTO PHARMACY VALUES (153,'서울특별시 관악구 신림로 357, 1층 (신림동)','맘이편한약국');
INSERT INTO PHARMACY VALUES (154,'서울특별시 마포구 월드컵로13길 56, 1층 (망원동)','망원시장약국');
INSERT INTO PHARMACY VALUES (155,'경기도 수원시 팔달구 덕영대로 923-1 (매산로1가, 새수원 빌딩)','매산약국');
INSERT INTO PHARMACY VALUES (156,'서울특별시 마포구 월드컵북로 396, 누리꿈스퀘어 B1094호 (상암동)','매일여는약국');
INSERT INTO PHARMACY VALUES (157,'서울특별시 양천구 목동동로 233-1 (목동) ','매일여는약국');
INSERT INTO PHARMACY VALUES (158,'서울특별시 송파구 백제고분로 187, 1층 103,104호 (잠실동, 파크인수)','매일여는온누리약국');
INSERT INTO PHARMACY VALUES (159,'인천광역시 남동구 예술로 198, CGV 홈플러스 (구월동)','매일여는온누리약국');
INSERT INTO PHARMACY VALUES (160,'부산광역시 수영구 황령대로 521 1층(남천동, 메가마트남천점)','메가약국');
INSERT INTO PHARMACY VALUES (161,'경기도 평택시 중앙로 9-1 (통복동)','메디칼세계로약국');
INSERT INTO PHARMACY VALUES (162,'경상남도 창원시 성산구 원이대로 664, 창원메디컬 (상남동)','메디칼큰온누리약국');
INSERT INTO PHARMACY VALUES (163,'경기도 구리시 검배로6번길 3 , 1층 (수택동)','메디팜365약국');
INSERT INTO PHARMACY VALUES (164,'경기도 수원시 팔달구 효원로 257 4층(인계동, 동수원홈플러스) (인계동)','메디팜동수원약국');
INSERT INTO PHARMACY VALUES (165,'서울특별시 양천구 신목로 36, 102호 (신정동, 대보빌딩)','메디팜신정교약국');
INSERT INTO PHARMACY VALUES (166,'경상남도 창원시 성산구 원이대로580번길 16  (중앙동)','메디팜엄마손약국');
INSERT INTO PHARMACY VALUES (167,'서울특별시 동작구 노량진로 152, . 1층 (노량진동)','메디팜엔비약국');
INSERT INTO PHARMACY VALUES (168,'경기도 수원시 영통구 봉영로 1576, 2층(영통동,홈플러스)','메디팜우리들약국');
INSERT INTO PHARMACY VALUES (169,'충청북도 청주시 상당구 월평로 182 (용암동)','메디팜큰사랑약국');
INSERT INTO PHARMACY VALUES (170,'경기도 안산시 상록구 광덕1로 376, (이동)','메디팜한대약국');
INSERT INTO PHARMACY VALUES (171,'경기도 부천시 조마루로386번길 61, (원미동)','메디팜해성약국');
INSERT INTO PHARMACY VALUES (172,'서울특별시 중랑구 용마산로 328 (면목동)','면목백화점약국');
INSERT INTO PHARMACY VALUES (173,'서울특별시 강동구 고덕로 276, 지하1층 (명일동, 이마트명일점)','명일마트종로약국');
INSERT INTO PHARMACY VALUES (174,'경기도 용인시 수지구 수지로 203, E 마트 지하1층 (신봉동)','모범약국');
INSERT INTO PHARMACY VALUES (175,'전라남도 나주시 나주로 204 (성북동)','목사골한국약국');
INSERT INTO PHARMACY VALUES (176,'인천광역시 미추홀구 매소홀로 578, (문학동)','문학모범약국');
INSERT INTO PHARMACY VALUES (177,'경기도 성남시 분당구 돌마로 46, 101호 (구미동, 광천프라자)','미래팜대학약국');
INSERT INTO PHARMACY VALUES (178,'대구광역시 남구 월배로 468, 한영유니죤빌딩 105호 (대명동)','미소약국');
INSERT INTO PHARMACY VALUES (179,'광주광역시 서구 화운로 129, 1층 101호 (화정동)','미소지음약국');
INSERT INTO PHARMACY VALUES (180,'경기도 수원시 팔달구 팔달문로163번길 49, 1층 (우만동)','민준약국');
INSERT INTO PHARMACY VALUES (181,'전라북도 전주시 덕진구 명륜4길 21(덕진동1가)','민트약국');
INSERT INTO PHARMACY VALUES (182,'서울특별시 관악구 봉천로 534','믿음약국');
INSERT INTO PHARMACY VALUES (183,'경상남도 밀양시 중앙로 381','밀성메디칼약국');
INSERT INTO PHARMACY VALUES (184,'전라북도 전주시 완산구 홍산중앙로 20, 1층 103호 (효자동3가)','바로약국');
INSERT INTO PHARMACY VALUES (185,'경기도 부천시 경인로 508  (괴안동)','바른손약국');
INSERT INTO PHARMACY VALUES (186,'서울특별시 서초구 신반포로 329, 1층 5호 (잠원동)','반포프라자약국');
INSERT INTO PHARMACY VALUES (187,'대전광역시 서구 계룡로 582, 1층 (괴정동)','밝은365약국');
INSERT INTO PHARMACY VALUES (188,'충청북도 청주시 흥덕구 사운로 254, 1층 (운천동, 손범수내과소아과의원)','밝은약국');
INSERT INTO PHARMACY VALUES (189,'대전광역시 서구 관저동로105번길 8, 1층 (관저동)','밝은약국');
INSERT INTO PHARMACY VALUES (190,'경기도 성남시 중원구 금상로 6, 1층 (상대원동)','밝은온누리약국');
INSERT INTO PHARMACY VALUES (191,'제주특별자치도 서귀포시 일주동로 8648-3 (동홍동)','밝은온누리약국');
INSERT INTO PHARMACY VALUES (192,'경기도 남양주시 오남읍 진건오남로 629-1, 진주상가 140호 (오남읍)','백세약국');
INSERT INTO PHARMACY VALUES (193,'서울특별시 중랑구 신내로 82, 1층 109호 (신내동, 금강빌딩)','백세약국');
INSERT INTO PHARMACY VALUES (194,'전라남도 여수시 여서1로 52 (여서동)','백운약국');
INSERT INTO PHARMACY VALUES (195,'경기도 부천시 부천로10번길 9, 1층 (심곡동)','백제약국');
INSERT INTO PHARMACY VALUES (196,'인천광역시 동구 화수로 18, 동부센트레빌 상가 103호 (송현동)','백제약국');
INSERT INTO PHARMACY VALUES (197,'서울특별시 강북구 도봉로96길 11, 1층 (번동)','백화점약국');
INSERT INTO PHARMACY VALUES (198,'경기도 안산시 상록구 석호로 292, 1층 (본오동)','백화점약국');
INSERT INTO PHARMACY VALUES (199,'경기도 파주시 새꽃로 62, 107호 (금촌동)','베스트소망약국');
INSERT INTO PHARMACY VALUES (200,'서울특별시 강남구 도곡로 423','베스트약국');
INSERT INTO PHARMACY VALUES (201,'서울특별시 금천구 금하로24길 40, (시흥동)','별장약국');
INSERT INTO PHARMACY VALUES (202,'경기도 안양시 만안구 안양로314번길 26 (안양동)','보건약국');
INSERT INTO PHARMACY VALUES (203,'충청남도 홍성군 홍성읍 조양로 220-10','보령약국');
INSERT INTO PHARMACY VALUES (204,'경기도 여주시 세종로 77, 1층 (홍문동)','보룡약국');
INSERT INTO PHARMACY VALUES (205,'서울특별시 동대문구 장한로 115 (장안동)','보림약국');
INSERT INTO PHARMACY VALUES (206,'대전광역시 중구 대종로 313','보명당약국');
INSERT INTO PHARMACY VALUES (207,'경상북도 안동시 광명로 161','보명당한약국');
INSERT INTO PHARMACY VALUES (208,'경상북도 경산시 자인면 일연로 80,','복광당약국');
INSERT INTO PHARMACY VALUES (209,'대구광역시 중구 달성로 29 (대신동)','복음약국');
INSERT INTO PHARMACY VALUES (210,'대전광역시 유성구 계룡로 120, 1층 102호 (봉명동)','봉명메디칼약국');
INSERT INTO PHARMACY VALUES (211,'충청남도 천안시 서북구 쌍용대로 296-1, 1층 일부 (성정동)','부광약국');
INSERT INTO PHARMACY VALUES (212,'부산광역시 부산진구 부전로66번길 50 (부전동)','부민약국');
INSERT INTO PHARMACY VALUES (213,'제주특별자치도 제주시 신대로16길 41','부부온누리약국');
INSERT INTO PHARMACY VALUES (214,'인천광역시 미추홀구 한나루로 411 (학익동)','부영약국');
INSERT INTO PHARMACY VALUES (215,'경기도 부천시 소사로 722, 103호 (원종동, 제이디 스카이빌)','부천우리365약국');

INSERT INTO M_STORE VALUES (2,10,23);
INSERT INTO M_STORE VALUES (10,10,24);
INSERT INTO M_STORE VALUES (31,10,26);
INSERT INTO M_STORE VALUES (51,10,26);
INSERT INTO M_STORE VALUES (0,11,18);
INSERT INTO M_STORE VALUES (11,11,20);
INSERT INTO M_STORE VALUES (16,11,5);
INSERT INTO M_STORE VALUES (20,11,19);
INSERT INTO M_STORE VALUES (17,12,20);
INSERT INTO M_STORE VALUES (20,12,12);
INSERT INTO M_STORE VALUES (45,12,9);
INSERT INTO M_STORE VALUES (50,12,25);
INSERT INTO M_STORE VALUES (3,13,25);
INSERT INTO M_STORE VALUES (30,13,28);
INSERT INTO M_STORE VALUES (35,13,7);
INSERT INTO M_STORE VALUES (53,13,14);
INSERT INTO M_STORE VALUES (11,14,11);
INSERT INTO M_STORE VALUES (12,14,14);
INSERT INTO M_STORE VALUES (14,14,7);
INSERT INTO M_STORE VALUES (36,14,24);
INSERT INTO M_STORE VALUES (8,15,23);
INSERT INTO M_STORE VALUES (25,15,17);
INSERT INTO M_STORE VALUES (50,15,19);
INSERT INTO M_STORE VALUES (54,15,18);
INSERT INTO M_STORE VALUES (4,16,3);
INSERT INTO M_STORE VALUES (12,16,22);
INSERT INTO M_STORE VALUES (36,16,1);
INSERT INTO M_STORE VALUES (39,16,4);
INSERT INTO M_STORE VALUES (9,17,15);
INSERT INTO M_STORE VALUES (17,17,1);
INSERT INTO M_STORE VALUES (41,17,18);
INSERT INTO M_STORE VALUES (45,17,22);
INSERT INTO M_STORE VALUES (29,18,15);
INSERT INTO M_STORE VALUES (37,18,1);
INSERT INTO M_STORE VALUES (41,18,20);
INSERT INTO M_STORE VALUES (48,18,28);
INSERT INTO M_STORE VALUES (16,19,28);
INSERT INTO M_STORE VALUES (34,19,7);
INSERT INTO M_STORE VALUES (55,19,11);
INSERT INTO M_STORE VALUES (1,20,28);
INSERT INTO M_STORE VALUES (19,20,14);
INSERT INTO M_STORE VALUES (29,20,5);
INSERT INTO M_STORE VALUES (43,20,27);
INSERT INTO M_STORE VALUES (24,21,5);
INSERT INTO M_STORE VALUES (34,21,11);
INSERT INTO M_STORE VALUES (40,21,11);
INSERT INTO M_STORE VALUES (3,22,4);
INSERT INTO M_STORE VALUES (8,22,3);
INSERT INTO M_STORE VALUES (46,22,14);
INSERT INTO M_STORE VALUES (4,23,12);
INSERT INTO M_STORE VALUES (13,23,5);
INSERT INTO M_STORE VALUES (24,23,22);
INSERT INTO M_STORE VALUES (35,23,12);
INSERT INTO M_STORE VALUES (19,24,3);
INSERT INTO M_STORE VALUES (20,24,21);
INSERT INTO M_STORE VALUES (29,24,28);
INSERT INTO M_STORE VALUES (10,25,26);
INSERT INTO M_STORE VALUES (16,25,3);
INSERT INTO M_STORE VALUES (32,25,18);
INSERT INTO M_STORE VALUES (42,25,25);
INSERT INTO M_STORE VALUES (42,26,16);
INSERT INTO M_STORE VALUES (46,26,7);
INSERT INTO M_STORE VALUES (50,26,21);
INSERT INTO M_STORE VALUES (51,26,21);
INSERT INTO M_STORE VALUES (10,27,8);
INSERT INTO M_STORE VALUES (35,27,8);
INSERT INTO M_STORE VALUES (1,60,22);
INSERT INTO M_STORE VALUES (1,62,12);
INSERT INTO M_STORE VALUES (27,62,24);
INSERT INTO M_STORE VALUES (53,62,2);
INSERT INTO M_STORE VALUES (1,63,17);
INSERT INTO M_STORE VALUES (3,63,16);
INSERT INTO M_STORE VALUES (19,63,25);
INSERT INTO M_STORE VALUES (31,63,12);
INSERT INTO M_STORE VALUES (11,64,24);
INSERT INTO M_STORE VALUES (27,64,30);
INSERT INTO M_STORE VALUES (51,64,14);
INSERT INTO M_STORE VALUES (40,64,25);
INSERT INTO M_STORE VALUES (22,65,13);
INSERT INTO M_STORE VALUES (39,65,26);
INSERT INTO M_STORE VALUES (50,65,8);
INSERT INTO M_STORE VALUES (53,65,8);
INSERT INTO M_STORE VALUES (0,66,6);
INSERT INTO M_STORE VALUES (4,66,26);
INSERT INTO M_STORE VALUES (17,66,2);
INSERT INTO M_STORE VALUES (18,66,25);
INSERT INTO M_STORE VALUES (14,67,27);
INSERT INTO M_STORE VALUES (47,67,25);
INSERT INTO M_STORE VALUES (51,67,2);
INSERT INTO M_STORE VALUES (11,68,3);
INSERT INTO M_STORE VALUES (16,68,14);
INSERT INTO M_STORE VALUES (22,68,15);
INSERT INTO M_STORE VALUES (28,68,14);
INSERT INTO M_STORE VALUES (1,69,17);
INSERT INTO M_STORE VALUES (12,69,15);
INSERT INTO M_STORE VALUES (30,69,18);
INSERT INTO M_STORE VALUES (43,70,22);
INSERT INTO M_STORE VALUES (49,70,8);
INSERT INTO M_STORE VALUES (6,71,13);
INSERT INTO M_STORE VALUES (25,71,13);
INSERT INTO M_STORE VALUES (35,71,4);
INSERT INTO M_STORE VALUES (36,71,26);
INSERT INTO M_STORE VALUES (1,72,27);
INSERT INTO M_STORE VALUES (30,72,10);
INSERT INTO M_STORE VALUES (41,72,13);
INSERT INTO M_STORE VALUES (2,73,8);
INSERT INTO M_STORE VALUES (3,73,7);
INSERT INTO M_STORE VALUES (9,73,4);
INSERT INTO M_STORE VALUES (36,73,19);
INSERT INTO M_STORE VALUES (4,74,26);
INSERT INTO M_STORE VALUES (6,74,13);
INSERT INTO M_STORE VALUES (45,74,25);
INSERT INTO M_STORE VALUES (50,74,25);
INSERT INTO M_STORE VALUES (14,75,4);
INSERT INTO M_STORE VALUES (16,75,13);
INSERT INTO M_STORE VALUES (52,75,17);
INSERT INTO M_STORE VALUES (55,75,8);
INSERT INTO M_STORE VALUES (0,113,14);
INSERT INTO M_STORE VALUES (9,113,16);
INSERT INTO M_STORE VALUES (22,113,16);
INSERT INTO M_STORE VALUES (37,113,7);
INSERT INTO M_STORE VALUES (12,114,20);
INSERT INTO M_STORE VALUES (31,114,16);
INSERT INTO M_STORE VALUES (47,114,12);
INSERT INTO M_STORE VALUES (55,114,19);
INSERT INTO M_STORE VALUES (0,115,5);
INSERT INTO M_STORE VALUES (3,115,16);
INSERT INTO M_STORE VALUES (3,116,18);
INSERT INTO M_STORE VALUES (20,116,24);
INSERT INTO M_STORE VALUES (32,116,24);
INSERT INTO M_STORE VALUES (45,116,15);
INSERT INTO M_STORE VALUES (18,117,29);
INSERT INTO M_STORE VALUES (20,117,3);
INSERT INTO M_STORE VALUES (34,117,21);
INSERT INTO M_STORE VALUES (51,117,6);
INSERT INTO M_STORE VALUES (30,118,30);
INSERT INTO M_STORE VALUES (31,118,27);
INSERT INTO M_STORE VALUES (47,118,14);
INSERT INTO M_STORE VALUES (55,118,7);
INSERT INTO M_STORE VALUES (0,119,21);
INSERT INTO M_STORE VALUES (12,119,13);
INSERT INTO M_STORE VALUES (26,119,23);
INSERT INTO M_STORE VALUES (1,120,5);
INSERT INTO M_STORE VALUES (22,120,11);
INSERT INTO M_STORE VALUES (28,120,19);
INSERT INTO M_STORE VALUES (55,120,15);
INSERT INTO M_STORE VALUES (3,121,17);
INSERT INTO M_STORE VALUES (8,121,4);
INSERT INTO M_STORE VALUES (9,121,9);
INSERT INTO M_STORE VALUES (36,121,3);
INSERT INTO M_STORE VALUES (1,122,26);
INSERT INTO M_STORE VALUES (21,122,8);
INSERT INTO M_STORE VALUES (34,122,2);
INSERT INTO M_STORE VALUES (48,122,7);
INSERT INTO M_STORE VALUES (3,123,1);
INSERT INTO M_STORE VALUES (4,123,5);
INSERT INTO M_STORE VALUES (24,123,26);
INSERT INTO M_STORE VALUES (49,123,26);
INSERT INTO M_STORE VALUES (19,124,4);
INSERT INTO M_STORE VALUES (30,124,10);
INSERT INTO M_STORE VALUES (35,124,28);
INSERT INTO M_STORE VALUES (42,124,30);
INSERT INTO M_STORE VALUES (16,125,7);
INSERT INTO M_STORE VALUES (20,125,8);
INSERT INTO M_STORE VALUES (34,125,25);
INSERT INTO M_STORE VALUES (39,125,2);
INSERT INTO M_STORE VALUES (4,209,19);
INSERT INTO M_STORE VALUES (10,209,13);
INSERT INTO M_STORE VALUES (11,209,8);
INSERT INTO M_STORE VALUES (20,209,28);
INSERT INTO M_STORE VALUES (8,210,20);
INSERT INTO M_STORE VALUES (48,210,13);
INSERT INTO M_STORE VALUES (55,210,23);
INSERT INTO M_STORE VALUES (3,211,17);
INSERT INTO M_STORE VALUES (14,211,25);
INSERT INTO M_STORE VALUES (39,211,12);
INSERT INTO M_STORE VALUES (21,212,27);
INSERT INTO M_STORE VALUES (36,212,9);
INSERT INTO M_STORE VALUES (49,212,25);
INSERT INTO M_STORE VALUES (14,213,11);
INSERT INTO M_STORE VALUES (46,213,2);
INSERT INTO M_STORE VALUES (53,213,18);

INSERT INTO CHEMIST VALUES (0,'이민준',10);
INSERT INTO CHEMIST VALUES (1,'최지안',11);
INSERT INTO CHEMIST VALUES (2,'김하윤',12);
INSERT INTO CHEMIST VALUES (3,'김서준',13);
INSERT INTO CHEMIST VALUES (4,'김하준',14);
INSERT INTO CHEMIST VALUES (5,'이이서',15);
INSERT INTO CHEMIST VALUES (6,'도예준',16);
INSERT INTO CHEMIST VALUES (7,'이도윤',17);
INSERT INTO CHEMIST VALUES (8,'배시우',18);
INSERT INTO CHEMIST VALUES (9,'이지우',19);
INSERT INTO CHEMIST VALUES (10,'박서윤',20);
INSERT INTO CHEMIST VALUES (11,'이지민',21);
INSERT INTO CHEMIST VALUES (12,'김지훈',22);
INSERT INTO CHEMIST VALUES (13,'박서연',23);
INSERT INTO CHEMIST VALUES (14,'배지호',24);
INSERT INTO CHEMIST VALUES (15,'손아윤',25);
INSERT INTO CHEMIST VALUES (16,'최은우',26);
INSERT INTO CHEMIST VALUES (17,'배채원',27);
INSERT INTO CHEMIST VALUES (18,'최서진',62);
INSERT INTO CHEMIST VALUES (19,'박지아',63);
INSERT INTO CHEMIST VALUES (20,'배동현',64);
INSERT INTO CHEMIST VALUES (21,'최준혁',65);
INSERT INTO CHEMIST VALUES (22,'김하은',66);
INSERT INTO CHEMIST VALUES (23,'손민재',67);
INSERT INTO CHEMIST VALUES (24,'배유준',68);
INSERT INTO CHEMIST VALUES (25,'도예은',69);
INSERT INTO CHEMIST VALUES (26,'최시아',70);
INSERT INTO CHEMIST VALUES (27,'박도현',71);
INSERT INTO CHEMIST VALUES (28,'손지유',72);
INSERT INTO CHEMIST VALUES (29,'배지윤',73);
INSERT INTO CHEMIST VALUES (30,'최주원',74);
INSERT INTO CHEMIST VALUES (31,'박시윤',75);
INSERT INTO CHEMIST VALUES (32,'박아린',113);
INSERT INTO CHEMIST VALUES (33,'도건우',114);
INSERT INTO CHEMIST VALUES (34,'김은서',115);
INSERT INTO CHEMIST VALUES (35,'손우진',116);
INSERT INTO CHEMIST VALUES (36,'손승민',117);
INSERT INTO CHEMIST VALUES (37,'도준우',118);
INSERT INTO CHEMIST VALUES (38,'최소윤',119);
INSERT INTO CHEMIST VALUES (39,'박선우',120);
INSERT INTO CHEMIST VALUES (40,'도지후',121);
INSERT INTO CHEMIST VALUES (41,'최서아',122);
INSERT INTO CHEMIST VALUES (42,'최민성',123);
INSERT INTO CHEMIST VALUES (43,'최서현',124);
INSERT INTO CHEMIST VALUES (44,'배윤서',125);
INSERT INTO CHEMIST VALUES (45,'최예린',209);
INSERT INTO CHEMIST VALUES (46,'손유주',210);
INSERT INTO CHEMIST VALUES (47,'박예나',211);
INSERT INTO CHEMIST VALUES (48,'배수아',212);
INSERT INTO CHEMIST VALUES (49,'이소율',213);

INSERT INTO CLIENT VALUES ('111223333','김도윤','M', TO_DATE('1991-12-13 ','yyyy-mm-dd'),'경상북도 구미시 신시로 119','01012345678');
INSERT INTO CLIENT VALUES ('111224444','박영수','M', TO_DATE('1963-12-06 ','yyyy-mm-dd'),'경상남도 통영시 안개4길 11-6','01013063170');
INSERT INTO CLIENT VALUES ('111225555','김남선','M', TO_DATE('1985-08-18 ','yyyy-mm-dd'),'대구광역시 중구 명륜로 70','01030132791');
INSERT INTO CLIENT VALUES ('111226666','최영호','M', TO_DATE('1974-03-15 ','yyyy-mm-dd'),'경기도 평택시 중앙로 29','01010297297');
INSERT INTO CLIENT VALUES ('111227777','진서채','M', TO_DATE('1968-02-07 ','yyyy-mm-dd'),'경기도 고양시 일산동구 정발산로82번길 10','01078912001');
INSERT INTO CLIENT VALUES ('111228888','임석중','M', TO_DATE('1956-11-29 ','yyyy-mm-dd'),'인천광역시 계양구 주부토로532번길 52','01052209496');
INSERT INTO CLIENT VALUES ('111229999','김문규','M', TO_DATE('1947-07-15 ','yyyy-mm-dd'),'서울특별시 중구 세종대로 27','01077949214');
INSERT INTO CLIENT VALUES ('111334444','임성환','M', TO_DATE('1944-07-21 ','yyyy-mm-dd'),'충청남도 보령시 명천중앙길 20','01013744800');
INSERT INTO CLIENT VALUES ('111335555','전종훈','M', TO_DATE('1975-07-14 ','yyyy-mm-dd'),'서울특별시 강남구 삼성로57길 45','01070901229');
INSERT INTO CLIENT VALUES ('111336666','최자혁','M', TO_DATE('1963-07-23 ','yyyy-mm-dd'),'서울특별시 금천구 금하로24길 34','01019209509');
INSERT INTO CLIENT VALUES ('111337777','구선형','M', TO_DATE('1951-06-13 ','yyyy-mm-dd'),'경기도 안양시 만안구 안양천서로 311','01044920196');
INSERT INTO CLIENT VALUES ('111338888','박서준','M', TO_DATE('2003-09-26 ','yyyy-mm-dd'),'서울특별시 동대문구 장한로 119','01022411111');
INSERT INTO CLIENT VALUES ('111339990','이경수','M', TO_DATE('1960-03-08 ','yyyy-mm-dd'),'대전광역시 중구 대종로334번길 40','01074337990');
INSERT INTO CLIENT VALUES ('111445555','임비산','M', TO_DATE('1970-05-22 ','yyyy-mm-dd'),'경상북도 안동시 광명로 198','01081739829');
INSERT INTO CLIENT VALUES ('111556666','황동협','M', TO_DATE('1975-09-06 ','yyyy-mm-dd'),'경상북도 경산시 자인면 북사로 17','01010092597');
INSERT INTO CLIENT VALUES ('111557777','윤정원','M', TO_DATE('1970-06-02 ','yyyy-mm-dd'),'대구광역시 중구 달구벌대로 1975','01095600445');
INSERT INTO CLIENT VALUES ('111558888','김석환','M', TO_DATE('1970-01-09 ','yyyy-mm-dd'),'충청남도 천안시 서북구 쌍용대로 301','01087805664');
INSERT INTO CLIENT VALUES ('111559999','강창윤','M', TO_DATE('1970-05-19 ','yyyy-mm-dd'),'부산광역시 부산진구 부전로 43','01099142619');
INSERT INTO CLIENT VALUES ('111667777','최하선','M', TO_DATE('1994-09-08 ','yyyy-mm-dd'),'경기도 부천시 삼작로402번길 13','01041265959');
INSERT INTO CLIENT VALUES ('111668888','최청무','M', TO_DATE('1969-12-31 ','yyyy-mm-dd'),'인천광역시 부평구 장제로27번길 18','01091735559');
INSERT INTO CLIENT VALUES ('111669999','육병주','M', TO_DATE('1966-01-18 ','yyyy-mm-dd'),'경기도 성남시 분당구 중앙공원로 53','01035711716');
INSERT INTO CLIENT VALUES ('111778888','임장학','M', TO_DATE('1950-04-17 ','yyyy-mm-dd'),'서울특별시 마포구 망원로 88','01035123659');
INSERT INTO CLIENT VALUES ('111779999','홍성찬','M', TO_DATE('1965-12-23 ','yyyy-mm-dd'),'전라남도 목포시 백년대로375번길 32','01053097666');
INSERT INTO CLIENT VALUES ('111889999','이명진','M', TO_DATE('1941-03-19 ','yyyy-mm-dd'),'서울특별시 서초구 과천대로 908','01042208559');
INSERT INTO CLIENT VALUES ('111223344','금송준','M', TO_DATE('1972-12-10 ','yyyy-mm-dd'),'경상북도 포항시 북구 우창로 20','01040868044');
INSERT INTO CLIENT VALUES ('222334444','최라정','F', TO_DATE('1936-02-07 ','yyyy-mm-dd'),'전라북도 전주시 완산구 백제대로 86','01078635648');
INSERT INTO CLIENT VALUES ('222335555','김숙형','F', TO_DATE('1942-03-25 ','yyyy-mm-dd'),'경기도 의정부시 녹양로 71-5','01032603055');
INSERT INTO CLIENT VALUES ('222336666','마영란','F', TO_DATE('1967-07-10 ','yyyy-mm-dd'),'경기도 의정부시 비우로 85-8','01071341481');
INSERT INTO CLIENT VALUES ('222337777','강남하','F', TO_DATE('1993-03-01 ','yyyy-mm-dd'),'대구광역시 북구 구리로 26','01017489274');
INSERT INTO CLIENT VALUES ('222338888','최강혜','F', TO_DATE('1950-06-02 ','yyyy-mm-dd'),'대구광역시 달서구 한들로 36','01079060502');
INSERT INTO CLIENT VALUES ('222339999','김서정','F', TO_DATE('1999-10-06 ','yyyy-mm-dd'),'서울특별시 서초구 강남대로39길 5','01089049709');
INSERT INTO CLIENT VALUES ('222445555','한선옥','F', TO_DATE('1957-03-26 ','yyyy-mm-dd'),'서울특별시 송파구 삼전동 백제고분로27길','01016458388');
INSERT INTO CLIENT VALUES ('222446666','마순하','F', TO_DATE('1947-03-11 ','yyyy-mm-dd'),'경기도 안산시 단원구 원초로 33','01055028987');
INSERT INTO CLIENT VALUES ('222447777','여재은','F', TO_DATE('1949-12-11 ','yyyy-mm-dd'),'서울특별시 동작구 동작대로29길 110','01065616648');
INSERT INTO CLIENT VALUES ('222448888','송호경','F', TO_DATE('1972-06-02 ','yyyy-mm-dd'),'경기도 시흥시 정왕대로266번길 6','01034984693');
INSERT INTO CLIENT VALUES ('222449999','길기연','F', TO_DATE('1973-07-24 ','yyyy-mm-dd'),'서울특별시 은평구 은평로 220','01041283340');
INSERT INTO CLIENT VALUES ('222556666','송태연','F', TO_DATE('2001-12-02 ','yyyy-mm-dd'),'서울특별시 관악구 조원로2길 13','01048391425');
INSERT INTO CLIENT VALUES ('222557777','조혜린','F', TO_DATE('1969-10-14 ','yyyy-mm-dd'),'경기도 수원시 팔달구 권광로 243','01014209259');
INSERT INTO CLIENT VALUES ('222558888','강미주','F', TO_DATE('1994-09-02 ','yyyy-mm-dd'),'충청북도 청주시 서원구 1순환로1137번길 79','01071317632');
INSERT INTO CLIENT VALUES ('222559999','윤근혜','F', TO_DATE('1975-07-31 ','yyyy-mm-dd'),'서울특별시 중구 만리재로 175','01036834078');
INSERT INTO CLIENT VALUES ('222667777','송윤선','F', TO_DATE('1962-07-19 ','yyyy-mm-dd'),'경상남도 양산시 신기서길 14','01075134611');
INSERT INTO CLIENT VALUES ('222668888','임주영','F', TO_DATE('1998-10-07 ','yyyy-mm-dd'),'서울특별시 동작구 현충로2길 4','01028148803');
INSERT INTO CLIENT VALUES ('222669999','임수연','F', TO_DATE('1977-09-03 ','yyyy-mm-dd'),'광주광역시 광산구 신창로71번길 16','01078246900');
INSERT INTO CLIENT VALUES ('222778888','최라정','F', TO_DATE('1988-10-29 ','yyyy-mm-dd'),'경기도 시흥시 대야동 비둘기공원7길 10','01081445090');
INSERT INTO CLIENT VALUES ('222779999','한가온','F', TO_DATE('1999-04-08 ','yyyy-mm-dd'),'경기도 시흥시 수인로3312번길 16 센트럴푸르지오','01026417510');
INSERT INTO CLIENT VALUES ('222889999','마세연','F', TO_DATE('1972-08-25 ','yyyy-mm-dd'),'대전광역시 대덕구 대덕대로1524번길 27','01091347413');
INSERT INTO CLIENT VALUES ('222334455','방희운','F', TO_DATE('1956-02-22 ','yyyy-mm-dd'),'충청남도 천안시 서북구 충무로 158-10','01049849898');
INSERT INTO CLIENT VALUES ('222334466','이예주','F', TO_DATE('1936-12-05 ','yyyy-mm-dd'),'충청북도 충주시 국원대로 171','01043783774');
INSERT INTO CLIENT VALUES ('222334477','임성화','F', TO_DATE('1937-11-01 ','yyyy-mm-dd'),'전라북도 전주시 덕진구 매봉16길 10','01085605139');
INSERT INTO CLIENT VALUES ('222334488','손소혜','F', TO_DATE('1958-02-01 ','yyyy-mm-dd'),'대전광역시 중구 계룡로830번길 42-11','01057600592');


INSERT INTO M_ORDER VALUES (1, TO_DATE('2018-04-10 ','yyyy-mm-dd'),0,23,111223344);
INSERT INTO M_ORDER VALUES (1, TO_DATE('2018-05-25 ','yyyy-mm-dd'),1,46,111224444);
INSERT INTO M_ORDER VALUES (2, TO_DATE('2018-06-22 ','yyyy-mm-dd'),0,25,111224444);
INSERT INTO M_ORDER VALUES (1, TO_DATE('2018-06-19 ','yyyy-mm-dd'),0,37,111226666);
INSERT INTO M_ORDER VALUES (1, TO_DATE('2018-06-17 ','yyyy-mm-dd'),0,41,111227777);
INSERT INTO M_ORDER VALUES (1, TO_DATE('2018-06-15 ','yyyy-mm-dd'),1,20,111229999);
INSERT INTO M_ORDER VALUES (1, TO_DATE('2018-05-15 ','yyyy-mm-dd'),1,17,111335555);
INSERT INTO M_ORDER VALUES (1, TO_DATE('2018-03-13 ','yyyy-mm-dd'),1,33,111336666);
INSERT INTO M_ORDER VALUES (2, TO_DATE('2018-06-19 ','yyyy-mm-dd'),0,37,111336666);
INSERT INTO M_ORDER VALUES (1, TO_DATE('2018-04-05 ','yyyy-mm-dd'),1,44,111338888);
INSERT INTO M_ORDER VALUES (1, TO_DATE('2018-03-26 ','yyyy-mm-dd'),0,14,111339990);
INSERT INTO M_ORDER VALUES (2, TO_DATE('2018-06-10 ','yyyy-mm-dd'),1,43,111339990);
INSERT INTO M_ORDER VALUES (1, TO_DATE('2018-02-08 ','yyyy-mm-dd'),1,11,111445555);
INSERT INTO M_ORDER VALUES (2, TO_DATE('2018-06-18 ','yyyy-mm-dd'),0,16,111445555);
INSERT INTO M_ORDER VALUES (1, TO_DATE('2018-04-18 ','yyyy-mm-dd'),0,47,111557777);
INSERT INTO M_ORDER VALUES (2, TO_DATE('2018-06-18 ','yyyy-mm-dd'),1,24,111557777);
INSERT INTO M_ORDER VALUES (3, TO_DATE('2018-06-18 ','yyyy-mm-dd'),1,28,111557777);
INSERT INTO M_ORDER VALUES (4, TO_DATE('2018-06-17 ','yyyy-mm-dd'),0,45,111557777);
INSERT INTO M_ORDER VALUES (1, TO_DATE('2018-06-18 ','yyyy-mm-dd'),0,38,111558888);
INSERT INTO M_ORDER VALUES (2, TO_DATE('2018-06-18 ','yyyy-mm-dd'),1,10,111558888);
INSERT INTO M_ORDER VALUES (3, TO_DATE('2018-06-15 ','yyyy-mm-dd'),0,13,111558888);
INSERT INTO M_ORDER VALUES (1, TO_DATE('2018-06-17 ','yyyy-mm-dd'),1,45,111667777);
INSERT INTO M_ORDER VALUES (1, TO_DATE('2018-01-08 ','yyyy-mm-dd'),0,20,111668888);
INSERT INTO M_ORDER VALUES (2, TO_DATE('2018-04-24 ','yyyy-mm-dd'),0,27,111668888);
INSERT INTO M_ORDER VALUES (1, TO_DATE('2018-01-25 ','yyyy-mm-dd'),1,6,111669999);
INSERT INTO M_ORDER VALUES (2, TO_DATE('2018-06-04 ','yyyy-mm-dd'),0,24,111669999);
INSERT INTO M_ORDER VALUES (3, TO_DATE('2018-06-19 ','yyyy-mm-dd'),1,21,111669999);
INSERT INTO M_ORDER VALUES (4, TO_DATE('2018-06-19 ','yyyy-mm-dd'),1,47,111669999);
INSERT INTO M_ORDER VALUES (1, TO_DATE('2018-02-10 ','yyyy-mm-dd'),1,9,111779999);
INSERT INTO M_ORDER VALUES (2, TO_DATE('2018-06-18 ','yyyy-mm-dd'),1,7,111779999);
INSERT INTO M_ORDER VALUES (1, TO_DATE('2018-02-20 ','yyyy-mm-dd'),0,37,111889999);
INSERT INTO M_ORDER VALUES (2, TO_DATE('2018-06-19 ','yyyy-mm-dd'),0,8,111889999);
INSERT INTO M_ORDER VALUES (1, TO_DATE('2018-01-01 ','yyyy-mm-dd'),0,11,222334444);
INSERT INTO M_ORDER VALUES (2, TO_DATE('2018-06-20 ','yyyy-mm-dd'),0,26,222334444);
INSERT INTO M_ORDER VALUES (3, TO_DATE('2018-06-19 ','yyyy-mm-dd'),1,28,222334444);
INSERT INTO M_ORDER VALUES (1, TO_DATE('2018-06-15 ','yyyy-mm-dd'),0,43,222334455);
INSERT INTO M_ORDER VALUES (1, TO_DATE('2018-06-15 ','yyyy-mm-dd'),1,25,222334466);
INSERT INTO M_ORDER VALUES (1, TO_DATE('2018-06-19 ','yyyy-mm-dd'),1,31,222334488);
INSERT INTO M_ORDER VALUES (2, TO_DATE('2018-06-18 ','yyyy-mm-dd'),1,35,222334488);
INSERT INTO M_ORDER VALUES (1, TO_DATE('2018-06-17 ','yyyy-mm-dd'),0,46,222335555);
INSERT INTO M_ORDER VALUES (1, TO_DATE('2018-01-15 ','yyyy-mm-dd'),1,12,222336666);
INSERT INTO M_ORDER VALUES (2, TO_DATE('2018-03-05 ','yyyy-mm-dd'),1,16,222336666);
INSERT INTO M_ORDER VALUES (1, TO_DATE('2018-04-01 ','yyyy-mm-dd'),0,6,222337777);
INSERT INTO M_ORDER VALUES (2, TO_DATE('2018-05-06 ','yyyy-mm-dd'),0,11,222337777);
INSERT INTO M_ORDER VALUES (1, TO_DATE('2018-05-09 ','yyyy-mm-dd'),0,47,222338888);
INSERT INTO M_ORDER VALUES (2, TO_DATE('2018-06-18 ','yyyy-mm-dd'),1,24,222338888);
INSERT INTO M_ORDER VALUES (1, TO_DATE('2018-06-19 ','yyyy-mm-dd'),1,24,222339999);
INSERT INTO M_ORDER VALUES (1, TO_DATE('2018-06-19 ','yyyy-mm-dd'),0,24,222445555);
INSERT INTO M_ORDER VALUES (2, TO_DATE('2018-06-19 ','yyyy-mm-dd'),0,46,222445555);
INSERT INTO M_ORDER VALUES (3, TO_DATE('2018-06-18 ','yyyy-mm-dd'),1,30,222445555);
INSERT INTO M_ORDER VALUES (4, TO_DATE('2018-06-15 ','yyyy-mm-dd'),1,9,222445555);
INSERT INTO M_ORDER VALUES (5, TO_DATE('2018-06-14 ','yyyy-mm-dd'),1,47,222445555);
INSERT INTO M_ORDER VALUES (1, TO_DATE('2018-04-26 ','yyyy-mm-dd'),1,3,222446666);
INSERT INTO M_ORDER VALUES (1, TO_DATE('2018-06-14 ','yyyy-mm-dd'),0,18,222448888);
INSERT INTO M_ORDER VALUES (1, TO_DATE('2018-03-01 ','yyyy-mm-dd'),1,0,222449999);
INSERT INTO M_ORDER VALUES (2, TO_DATE('2018-06-15 ','yyyy-mm-dd'),1,48,222449999);
INSERT INTO M_ORDER VALUES (1, TO_DATE('2018-06-18 ','yyyy-mm-dd'),1,24,222556666);
INSERT INTO M_ORDER VALUES (1, TO_DATE('2018-06-18 ','yyyy-mm-dd'),1,44,222557777);
INSERT INTO M_ORDER VALUES (1, TO_DATE('2018-06-15 ','yyyy-mm-dd'),1,45,222559999);
INSERT INTO M_ORDER VALUES (1, TO_DATE('2018-06-19 ','yyyy-mm-dd'),1,3,222778888);
INSERT INTO M_ORDER VALUES (2, TO_DATE('2018-06-15 ','yyyy-mm-dd'),1,46,222778888);
INSERT INTO M_ORDER VALUES (1, TO_DATE('2018-06-19 ','yyyy-mm-dd'),1,35,222779999);
INSERT INTO M_ORDER VALUES (2, TO_DATE('2018-06-15 ','yyyy-mm-dd'),1,29,222779999);
INSERT INTO M_ORDER VALUES (1, TO_DATE('2018-02-15 ','yyyy-mm-dd'),1,20,222889999);
INSERT INTO M_ORDER VALUES (2, TO_DATE('2018-06-18 ','yyyy-mm-dd'),0,1,222889999);


INSERT INTO CONTAIN VALUES (45,1,3,23,'111223344');
INSERT INTO CONTAIN VALUES (45,1,3,46,'111224444');
INSERT INTO CONTAIN VALUES (45,2,1,25,'111224444');
INSERT INTO CONTAIN VALUES (45,1,1,37,'111226666');
INSERT INTO CONTAIN VALUES (45,1,2,41,'111227777');
INSERT INTO CONTAIN VALUES (48,1,4,20,'111229999');
INSERT INTO CONTAIN VALUES (45,1,2,17,'111335555');
INSERT INTO CONTAIN VALUES (45,1,4,33,'111336666');
INSERT INTO CONTAIN VALUES (48,2,2,37,'111336666');
INSERT INTO CONTAIN VALUES (45,1,4,44,'111338888');
INSERT INTO CONTAIN VALUES (45,1,1,14,'111339990');
INSERT INTO CONTAIN VALUES (48,2,1,43,'111339990');
INSERT INTO CONTAIN VALUES (45,1,2,11,'111445555');
INSERT INTO CONTAIN VALUES (45,2,1,16,'111445555');
INSERT INTO CONTAIN VALUES (45,1,3,47,'111557777');
INSERT INTO CONTAIN VALUES (45,2,2,24,'111557777');
INSERT INTO CONTAIN VALUES (45,3,4,28,'111557777');
INSERT INTO CONTAIN VALUES (45,4,2,45,'111557777');
INSERT INTO CONTAIN VALUES (48,1,4,38,'111558888');
INSERT INTO CONTAIN VALUES (48,2,2,10,'111558888');
INSERT INTO CONTAIN VALUES (45,3,3,13,'111558888');
INSERT INTO CONTAIN VALUES (45,1,2,45,'111667777');
INSERT INTO CONTAIN VALUES (45,1,1,20,'111668888');
INSERT INTO CONTAIN VALUES (45,2,4,27,'111668888');
INSERT INTO CONTAIN VALUES (48,1,2,6,'111669999');
INSERT INTO CONTAIN VALUES (48,2,2,24,'111669999');
INSERT INTO CONTAIN VALUES (45,3,2,21,'111669999');
INSERT INTO CONTAIN VALUES (45,4,2,47,'111669999');
INSERT INTO CONTAIN VALUES (45,1,2,9,'111779999');
INSERT INTO CONTAIN VALUES (45,2,2,7,'111779999');
INSERT INTO CONTAIN VALUES (45,1,3,37,'111889999');
INSERT INTO CONTAIN VALUES (48,2,2,8,'111889999');
INSERT INTO CONTAIN VALUES (45,1,2,11,'222334444');
INSERT INTO CONTAIN VALUES (45,2,3,26,'222334444');
INSERT INTO CONTAIN VALUES (45,3,1,28,'222334444');
INSERT INTO CONTAIN VALUES (45,1,4,43,'222334455');
INSERT INTO CONTAIN VALUES (45,1,2,25,'222334466');
INSERT INTO CONTAIN VALUES (45,1,1,31,'222334488');
INSERT INTO CONTAIN VALUES (45,2,3,35,'222334488');
INSERT INTO CONTAIN VALUES (45,1,3,46,'222335555');
INSERT INTO CONTAIN VALUES (45,1,4,12,'222336666');
INSERT INTO CONTAIN VALUES (48,2,4,16,'222336666');
INSERT INTO CONTAIN VALUES (45,1,2,6,'222337777');
INSERT INTO CONTAIN VALUES (45,2,1,11,'222337777');
INSERT INTO CONTAIN VALUES (45,1,2,47,'222338888');
INSERT INTO CONTAIN VALUES (45,2,3,24,'222338888');
INSERT INTO CONTAIN VALUES (48,1,2,24,'222339999');
INSERT INTO CONTAIN VALUES (45,1,4,24,'222445555');
INSERT INTO CONTAIN VALUES (45,2,1,46,'222445555');
INSERT INTO CONTAIN VALUES (45,3,3,30,'222445555');
INSERT INTO CONTAIN VALUES (45,4,4,9,'222445555');
INSERT INTO CONTAIN VALUES (45,5,4,47,'222445555');
INSERT INTO CONTAIN VALUES (48,1,2,3,'222446666');
INSERT INTO CONTAIN VALUES (45,1,2,18,'222448888');
INSERT INTO CONTAIN VALUES (45,1,4,0,'222449999');
INSERT INTO CONTAIN VALUES (45,2,4,48,'222449999');
INSERT INTO CONTAIN VALUES (45,1,2,24,'222556666');
INSERT INTO CONTAIN VALUES (45,1,2,44,'222557777');
INSERT INTO CONTAIN VALUES (45,1,1,45,'222559999');
INSERT INTO CONTAIN VALUES (45,1,2,3,'222778888');
INSERT INTO CONTAIN VALUES (45,2,2,46,'222778888');
INSERT INTO CONTAIN VALUES (45,1,1,35,'222779999');
INSERT INTO CONTAIN VALUES (48,2,2,29,'222779999');
INSERT INTO CONTAIN VALUES (48,1,3,20,'222889999');
INSERT INTO CONTAIN VALUES (45,2,2,1,'222889999');


INSERT INTO CASE_HISTORY VALUES (1,TO_DATE('2018-06-19 ','yyyy-mm-dd'),'아그릴정2mgGlimepiride 2mg ','111223344');
INSERT INTO CASE_HISTORY VALUES (1,TO_DATE('2018-06-19 ','yyyy-mm-dd'),'사로프람정10mg','111224444');
INSERT INTO CASE_HISTORY VALUES (1,TO_DATE('2018-03-13 ','yyyy-mm-dd'),'타고실린주','111226666');
INSERT INTO CASE_HISTORY VALUES (1,TO_DATE('2018-03-01 ','yyyy-mm-dd'),'카나가바로틴캡슐300mg','111227777');
INSERT INTO CASE_HISTORY VALUES (2,TO_DATE('2018-03-26 ','yyyy-mm-dd'),'라니단정75mg','111227777');
INSERT INTO CASE_HISTORY VALUES (3,TO_DATE('2018-06-18 ','yyyy-mm-dd'),'아기오과립Agiocur Pregranules 4.08g ','111227777');
INSERT INTO CASE_HISTORY VALUES (1,TO_DATE('2018-06-15 ','yyyy-mm-dd'),'자나팜정0.4mg','111228888');
INSERT INTO CASE_HISTORY VALUES (1,TO_DATE('2018-06-10 ','yyyy-mm-dd'),'자나팜정0.5mg','111229999');
INSERT INTO CASE_HISTORY VALUES (2,TO_DATE('2018-06-15 ','yyyy-mm-dd'),'사르트정','111229999');
INSERT INTO CASE_HISTORY VALUES (1,TO_DATE('2018-06-04 ','yyyy-mm-dd'),'나그란구강붕해정2.5mg','111334444');
INSERT INTO CASE_HISTORY VALUES (1,TO_DATE('2018-05-09 ','yyyy-mm-dd'),'챔바스정1mg','111335555');
INSERT INTO CASE_HISTORY VALUES (2,TO_DATE('2018-06-20 ','yyyy-mm-dd'),'카네마졸질정100mg','111335555');
INSERT INTO CASE_HISTORY VALUES (1,TO_DATE('2018-06-18 ','yyyy-mm-dd'),'다나젠실로스타졸서방캡슐100mg','111336666');
INSERT INTO CASE_HISTORY VALUES (1,TO_DATE('2018-06-18 ','yyyy-mm-dd'),'다나젠실로스타졸서방캡슐200mg','111337777');
INSERT INTO CASE_HISTORY VALUES (2,TO_DATE('2018-06-17 ','yyyy-mm-dd'),'다나젠실로스타졸서방캡슐200mg','111337777');
INSERT INTO CASE_HISTORY VALUES (1,TO_DATE('2018-06-18 ','yyyy-mm-dd'),'나그란구강붕해정2.5mg','111338888');
INSERT INTO CASE_HISTORY VALUES (2,TO_DATE('2018-06-18 ','yyyy-mm-dd'),'가네치온정100mg','111338888');
INSERT INTO CASE_HISTORY VALUES (1,TO_DATE('2018-05-06 ','yyyy-mm-dd'),'파데나필정20mgSildenafil Citrate 28.09mg ','111339990');
INSERT INTO CASE_HISTORY VALUES (1,TO_DATE('2018-06-18 ','yyyy-mm-dd'),'챔스탑정0.5mg','111445555');
INSERT INTO CASE_HISTORY VALUES (2,TO_DATE('2018-06-15 ','yyyy-mm-dd'),'바라크로스구강용해필름1mg','111445555');
INSERT INTO CASE_HISTORY VALUES (1,TO_DATE('2018-01-01 ','yyyy-mm-dd'),'파데나필정20mgSildenafil Citrate 28.09mg ','111557777');
INSERT INTO CASE_HISTORY VALUES (2,TO_DATE('2018-06-22 ','yyyy-mm-dd'),'아겐에프연질캡슐Bilberry Fruit Dried Ext. 170mg ','111557777');
INSERT INTO CASE_HISTORY VALUES (3,TO_DATE('2018-06-18 ','yyyy-mm-dd'),'가나톤정50mg','111557777');
INSERT INTO CASE_HISTORY VALUES (1,TO_DATE('2018-01-25 ','yyyy-mm-dd'),'파데나필정20mg','111558888');
INSERT INTO CASE_HISTORY VALUES (2,TO_DATE('2018-06-14 ','yyyy-mm-dd'),'아겐에프정','111558888');
INSERT INTO CASE_HISTORY VALUES (1,TO_DATE('2018-06-18 ','yyyy-mm-dd'),'아가론주','111559999');
INSERT INTO CASE_HISTORY VALUES (1,TO_DATE('2018-06-19 ','yyyy-mm-dd'),'카노아정','111668888');
INSERT INTO CASE_HISTORY VALUES (1,TO_DATE('2018-06-15 ','yyyy-mm-dd'),'사로프람정10mg','111669999');
INSERT INTO CASE_HISTORY VALUES (1,TO_DATE('2018-06-15 ','yyyy-mm-dd'),'다나젠실로스타졸서방캡슐100mg','111778888');
INSERT INTO CASE_HISTORY VALUES (2,TO_DATE('2018-06-18 ','yyyy-mm-dd'),'사로프람정10mg','111778888');
INSERT INTO CASE_HISTORY VALUES (1,TO_DATE('2018-06-18 ','yyyy-mm-dd'),'자나팜정0.4mg','111779999');
INSERT INTO CASE_HISTORY VALUES (1,TO_DATE('2018-06-14 ','yyyy-mm-dd'),'바라엔터정0.5mg','111889999');
INSERT INTO CASE_HISTORY VALUES (1,TO_DATE('2018-06-15 ','yyyy-mm-dd'),'다나립틴정100mg','222334455');
INSERT INTO CASE_HISTORY VALUES (1,TO_DATE('2018-06-19 ','yyyy-mm-dd'),'아가론주','222334477');
INSERT INTO CASE_HISTORY VALUES (2,TO_DATE('2018-06-17 ','yyyy-mm-dd'),'아기오과립Agiocur Pregranules 4.08g ','222334477');
INSERT INTO CASE_HISTORY VALUES (1,TO_DATE('2018-01-15 ','yyyy-mm-dd'),'가나톤정50mg','222334488');
INSERT INTO CASE_HISTORY VALUES (2,TO_DATE('2018-04-01 ','yyyy-mm-dd'),'바독펜정','222334488');
INSERT INTO CASE_HISTORY VALUES (3,TO_DATE('2018-06-19 ','yyyy-mm-dd'),'아그릴정2mg','222334488');
INSERT INTO CASE_HISTORY VALUES (4,TO_DATE('2018-06-18 ','yyyy-mm-dd'),'가나톤정50mg','222334488');
INSERT INTO CASE_HISTORY VALUES (1,TO_DATE('2018-04-18 ','yyyy-mm-dd'),'파데나필정20mgSildenafil Citrate 28.09mg ','222335555');
INSERT INTO CASE_HISTORY VALUES (1,TO_DATE('2018-03-05 ','yyyy-mm-dd'),'다나립틴정100mg','222336666');
INSERT INTO CASE_HISTORY VALUES (1,TO_DATE('2018-06-15 ','yyyy-mm-dd'),'아기오과립','222337777');
INSERT INTO CASE_HISTORY VALUES (1,TO_DATE('2018-05-25 ','yyyy-mm-dd'),'아그릴정2mg','222338888');
INSERT INTO CASE_HISTORY VALUES (1,TO_DATE('2018-02-20 ','yyyy-mm-dd'),'다나젠실로스타졸서방캡슐100mg','222339999');
INSERT INTO CASE_HISTORY VALUES (2,TO_DATE('2018-06-19 ','yyyy-mm-dd'),'아겐에프연질캡슐','222339999');
INSERT INTO CASE_HISTORY VALUES (1,TO_DATE('2018-02-10 ','yyyy-mm-dd'),'아그릴정2mgGlimepiride 2mg ','222445555');
INSERT INTO CASE_HISTORY VALUES (2,TO_DATE('2018-04-26 ','yyyy-mm-dd'),'바라크로스구강용해필름1mg','222445555');
INSERT INTO CASE_HISTORY VALUES (3,TO_DATE('2018-06-19 ','yyyy-mm-dd'),'자나팜정0.4mg','222445555');
INSERT INTO CASE_HISTORY VALUES (4,TO_DATE('2018-06-19 ','yyyy-mm-dd'),'가네맥스에프연질캡슐','222445555');
INSERT INTO CASE_HISTORY VALUES (1,TO_DATE('2018-06-19 ','yyyy-mm-dd'),'자누글루정100mg','222446666');
INSERT INTO CASE_HISTORY VALUES (2,TO_DATE('2018-06-18 ','yyyy-mm-dd'),'챔바스정1mg','222446666');
INSERT INTO CASE_HISTORY VALUES (1,TO_DATE('2018-06-19 ','yyyy-mm-dd'),'챔바스정1mg','222448888');
INSERT INTO CASE_HISTORY VALUES (1,TO_DATE('2018-06-15 ','yyyy-mm-dd'),'바독펜정','222556666');
INSERT INTO CASE_HISTORY VALUES (1,TO_DATE('2018-06-15 ','yyyy-mm-dd'),'가네맥스에프연질캡슐','222558888');
INSERT INTO CASE_HISTORY VALUES (1,TO_DATE('2018-02-08 ','yyyy-mm-dd'),'아겐에프정Bilberry Fruit Dried Ext. 170mg ','222559999');
INSERT INTO CASE_HISTORY VALUES (2,TO_DATE('2018-02-15 ','yyyy-mm-dd'),'라니단정150mg','222559999');
INSERT INTO CASE_HISTORY VALUES (1,TO_DATE('2018-04-10 ','yyyy-mm-dd'),'하나니트로글리세린설하정0.6mg','222667777');
INSERT INTO CASE_HISTORY VALUES (1,TO_DATE('2018-04-24 ','yyyy-mm-dd'),'아그릴정2mgGlimepiride 2mg ','222668888');
INSERT INTO CASE_HISTORY VALUES (1,TO_DATE('2018-04-05 ','yyyy-mm-dd'),'사로프람정20mg','222669999');
INSERT INTO CASE_HISTORY VALUES (1,TO_DATE('2018-06-19 ','yyyy-mm-dd'),'가네맥스에프연질캡슐','222778888');
INSERT INTO CASE_HISTORY VALUES (2,TO_DATE('2018-06-17 ','yyyy-mm-dd'),'나노파모정10mg','222778888');
INSERT INTO CASE_HISTORY VALUES (1,TO_DATE('2018-01-08 ','yyyy-mm-dd'),'타나민정120mg','222779999');
INSERT INTO CASE_HISTORY VALUES (2,TO_DATE('2018-05-15 ','yyyy-mm-dd'),'카나가바로틴캡슐300mg','222779999');
INSERT INTO CASE_HISTORY VALUES (3,TO_DATE('2018-06-17 ','yyyy-mm-dd'),'카네마졸질정100mg','222779999');
INSERT INTO CASE_HISTORY VALUES (1,TO_DATE('2018-06-19 ','yyyy-mm-dd'),'가네맥스연질캡슐','222889999');


INSERT INTO SYMPTOM VALUES (1,'두통','하','머리');
INSERT INTO SYMPTOM VALUES (2,'두통','중','머리');
INSERT INTO SYMPTOM VALUES (3,'두통','상','머리');
INSERT INTO SYMPTOM VALUES (4,'치통','하','입');
INSERT INTO SYMPTOM VALUES (5,'치통','중','입');
INSERT INTO SYMPTOM VALUES (6,'치통','상','입');
INSERT INTO SYMPTOM VALUES (7,'근육통','하','팔, 다리');
INSERT INTO SYMPTOM VALUES (8,'근육통','중','팔, 다리');
INSERT INTO SYMPTOM VALUES (9,'근육통','상','팔, 다리');
INSERT INTO SYMPTOM VALUES (10,'염좌','하','손목, 발목, 무릎, 어깨');
INSERT INTO SYMPTOM VALUES (11,'염좌','중','손목, 발목, 무릎, 어깨');
INSERT INTO SYMPTOM VALUES (12,'염좌','상','손목, 발목, 무릎, 어깨');
INSERT INTO SYMPTOM VALUES (13,'관절통','하','무릎, 팔꿈치, 어깨');
INSERT INTO SYMPTOM VALUES (14,'관절통','중','무릎, 팔꿈치, 어깨');
INSERT INTO SYMPTOM VALUES (15,'관절통','상','무릎, 팔꿈치, 어깨');
INSERT INTO SYMPTOM VALUES (16,'발열','하','전신');
INSERT INTO SYMPTOM VALUES (17,'발열','중','전신');
INSERT INTO SYMPTOM VALUES (18,'발열','상','전신');
INSERT INTO SYMPTOM VALUES (19,'기침','하','목');
INSERT INTO SYMPTOM VALUES (20,'기침','중','목');
INSERT INTO SYMPTOM VALUES (21,'기침','상','목');
INSERT INTO SYMPTOM VALUES (22,'코막힘','하','코');
INSERT INTO SYMPTOM VALUES (23,'코막힘','중','코');
INSERT INTO SYMPTOM VALUES (24,'코막힘','상','코');
INSERT INTO SYMPTOM VALUES (25,'콧물','하','코');
INSERT INTO SYMPTOM VALUES (26,'콧물','중','코');
INSERT INTO SYMPTOM VALUES (27,'콧물','상','코');
INSERT INTO SYMPTOM VALUES (28,'인후통','하','목');
INSERT INTO SYMPTOM VALUES (29,'인후통','중','목');
INSERT INTO SYMPTOM VALUES (30,'인후통','상','목');
INSERT INTO SYMPTOM VALUES (31,'복통','하','배');
INSERT INTO SYMPTOM VALUES (32,'복통','중','배');
INSERT INTO SYMPTOM VALUES (33,'복통','상','배');
INSERT INTO SYMPTOM VALUES (34,'소화불량','하','배');
INSERT INTO SYMPTOM VALUES (35,'소화불량','중','배');
INSERT INTO SYMPTOM VALUES (36,'소화불량','상','배');
INSERT INTO SYMPTOM VALUES (37,'식체(체함)','하','위');
INSERT INTO SYMPTOM VALUES (38,'식체(체함)','중','위');
INSERT INTO SYMPTOM VALUES (39,'식체(체함)','상','위');
INSERT INTO SYMPTOM VALUES (40,'타박상','하','전신');
INSERT INTO SYMPTOM VALUES (41,'타박상','중','전신');
INSERT INTO SYMPTOM VALUES (42,'타박상','상','전신');
INSERT INTO SYMPTOM VALUES (43,'눈 건조','하','눈');
INSERT INTO SYMPTOM VALUES (44,'눈 건조','중','눈');
INSERT INTO SYMPTOM VALUES (45,'눈 건조','상','눈');
INSERT INTO SYMPTOM VALUES (46,'상처','하','전신');
INSERT INTO SYMPTOM VALUES (47,'상처','중','전신');
INSERT INTO SYMPTOM VALUES (48,'상처','상','전신');
INSERT INTO SYMPTOM VALUES (49,'여드름','하','피부');
INSERT INTO SYMPTOM VALUES (50,'여드름','중','피부');
INSERT INTO SYMPTOM VALUES (51,'여드름','상','피부');

INSERT INTO HAVE VALUES ('111223344',30);
INSERT INTO HAVE VALUES ('111224444',17);
INSERT INTO HAVE VALUES ('111224444',39);
INSERT INTO HAVE VALUES ('111226666',8);
INSERT INTO HAVE VALUES ('111227777',1);
INSERT INTO HAVE VALUES ('111229999',36);
INSERT INTO HAVE VALUES ('111335555',8);
INSERT INTO HAVE VALUES ('111336666',9);
INSERT INTO HAVE VALUES ('111336666',36);
INSERT INTO HAVE VALUES ('111338888',18);
INSERT INTO HAVE VALUES ('111339990',9);
INSERT INTO HAVE VALUES ('111339990',35);
INSERT INTO HAVE VALUES ('111445555',39);
INSERT INTO HAVE VALUES ('111445555',16);
INSERT INTO HAVE VALUES ('111557777',17);
INSERT INTO HAVE VALUES ('111557777',32);
INSERT INTO HAVE VALUES ('111557777',35);
INSERT INTO HAVE VALUES ('111557777',7);
INSERT INTO HAVE VALUES ('111558888',36);
INSERT INTO HAVE VALUES ('111558888',35);
INSERT INTO HAVE VALUES ('111558888',37);
INSERT INTO HAVE VALUES ('111667777',7);
INSERT INTO HAVE VALUES ('111668888',1);
INSERT INTO HAVE VALUES ('111668888',32);
INSERT INTO HAVE VALUES ('111669999',30);
INSERT INTO HAVE VALUES ('111669999',35);
INSERT INTO HAVE VALUES ('111669999',10);
INSERT INTO HAVE VALUES ('111669999',16);
INSERT INTO HAVE VALUES ('111779999',11);
INSERT INTO HAVE VALUES ('111779999',16);
INSERT INTO HAVE VALUES ('111889999',17);
INSERT INTO HAVE VALUES ('111889999',36);
INSERT INTO HAVE VALUES ('222334444',9);
INSERT INTO HAVE VALUES ('222334444',2);
INSERT INTO HAVE VALUES ('222334444',1);
INSERT INTO HAVE VALUES ('222334455',30);
INSERT INTO HAVE VALUES ('222334466',34);
INSERT INTO HAVE VALUES ('222334488',37);
INSERT INTO HAVE VALUES ('222334488',3);
INSERT INTO HAVE VALUES ('222335555',2);
INSERT INTO HAVE VALUES ('222336666',31);
INSERT INTO HAVE VALUES ('222336666',35);
INSERT INTO HAVE VALUES ('222337777',16);
INSERT INTO HAVE VALUES ('222337777',9);
INSERT INTO HAVE VALUES ('222338888',37);
INSERT INTO HAVE VALUES ('222338888',39);
INSERT INTO HAVE VALUES ('222339999',34);
INSERT INTO HAVE VALUES ('222445555',32);
INSERT INTO HAVE VALUES ('222445555',7);
INSERT INTO HAVE VALUES ('222445555',39);

commit;